sample,outcome,term,coef,se,ci_lo,ci_hi,p,n,counties,years,r2,jointF,jointF_p,jointF_df
A. as published (contaminated 2024 block),Summoning Yield,Jan-Mar,3.452,0.602,2.272,4.633,0.0,4421,67,18.0,0.388,19.31,0.0,"F(3,66)"
A. as published (contaminated 2024 block),Summoning Yield,Apr-Jun,-0.417,0.548,-1.49,0.657,0.4466,4421,67,18.0,0.388,19.31,0.0,"F(3,66)"
A. as published (contaminated 2024 block),Summoning Yield,Oct-Dec,1.531,0.625,0.306,2.757,0.0143,4421,67,18.0,0.388,19.31,0.0,"F(3,66)"
A. as published (contaminated 2024 block),Juror Days / Trial,Jan-Mar,3.975,1.975,0.104,7.846,0.0442,4421,67,18.0,0.205,5.15,0.002939,"F(3,66)"
A. as published (contaminated 2024 block),Juror Days / Trial,Apr-Jun,-1.118,1.884,-4.81,2.574,0.5528,4421,67,18.0,0.205,5.15,0.002939,"F(3,66)"
A. as published (contaminated 2024 block),Juror Days / Trial,Oct-Dec,5.554,3.216,-0.749,11.856,0.0842,4421,67,18.0,0.205,5.15,0.002939,"F(3,66)"
A. as published (contaminated 2024 block),People Brought In / Trial,Jan-Mar,2.759,1.721,-0.614,6.133,0.1089,4421,67,18.0,0.192,4.74,0.004712,"F(3,66)"
A. as published (contaminated 2024 block),People Brought In / Trial,Apr-Jun,-1.397,1.654,-4.638,1.844,0.3983,4421,67,18.0,0.192,4.74,0.004712,"F(3,66)"
A. as published (contaminated 2024 block),People Brought In / Trial,Oct-Dec,5.081,3.188,-1.166,11.329,0.1109,4421,67,18.0,0.192,4.74,0.004712,"F(3,66)"
A. as published (contaminated 2024 block),Percent to Voir Dire,Jan-Mar,3.45,0.852,1.781,5.119,0.0001,4421,67,18.0,0.367,6.41,0.000707,"F(3,66)"
A. as published (contaminated 2024 block),Percent to Voir Dire,Apr-Jun,0.935,0.971,-0.968,2.838,0.3354,4421,67,18.0,0.367,6.41,0.000707,"F(3,66)"
A. as published (contaminated 2024 block),Percent to Voir Dire,Oct-Dec,2.716,1.153,0.457,4.976,0.0185,4421,67,18.0,0.367,6.41,0.000707,"F(3,66)"
A. as published (contaminated 2024 block),Average Panel Size,Jan-Mar,1.318,0.516,0.307,2.329,0.0106,4421,67,18.0,0.369,5.26,0.002592,"F(3,66)"
A. as published (contaminated 2024 block),Average Panel Size,Apr-Jun,-0.386,0.473,-1.312,0.541,0.4149,4421,67,18.0,0.369,5.26,0.002592,"F(3,66)"
A. as published (contaminated 2024 block),Average Panel Size,Oct-Dec,1.011,0.563,-0.093,2.115,0.0727,4421,67,18.0,0.369,5.26,0.002592,"F(3,66)"
A. as published (contaminated 2024 block),Number of Trials,Jan-Mar,3.92,1.195,1.578,6.261,0.001,4421,67,18.0,0.807,6.02,0.001091,"F(3,66)"
A. as published (contaminated 2024 block),Number of Trials,Apr-Jun,1.834,0.818,0.231,3.436,0.0249,4421,67,18.0,0.807,6.02,0.001091,"F(3,66)"
A. as published (contaminated 2024 block),Number of Trials,Oct-Dec,-1.413,0.699,-2.782,-0.044,0.0431,4421,67,18.0,0.807,6.02,0.001091,"F(3,66)"
B. corrected (2024 block re-sourced; 9 Q1-2024 and 16 2023-Q3/Q4 cells missing),Summoning Yield,Jan-Mar,2.992,0.605,1.806,4.179,0.0,4421,67,18.0,0.386,19.25,0.0,"F(3, 66)"
B. corrected (2024 block re-sourced; 9 Q1-2024 and 16 2023-Q3/Q4 cells missing),Summoning Yield,Apr-Jun,-0.64,0.604,-1.824,0.544,0.2891,4421,67,18.0,0.386,19.25,0.0,"F(3, 66)"
B. corrected (2024 block re-sourced; 9 Q1-2024 and 16 2023-Q3/Q4 cells missing),Summoning Yield,Oct-Dec,1.352,0.658,0.062,2.642,0.04,4421,67,18.0,0.386,19.25,0.0,"F(3, 66)"
B. corrected (2024 block re-sourced; 9 Q1-2024 and 16 2023-Q3/Q4 cells missing),Juror Days / Trial,Jan-Mar,5.545,2.506,0.633,10.456,0.0269,4421,67,18.0,0.199,4.28,0.008072,"F(3, 66)"
B. corrected (2024 block re-sourced; 9 Q1-2024 and 16 2023-Q3/Q4 cells missing),Juror Days / Trial,Apr-Jun,2.099,2.765,-3.32,7.518,0.4478,4421,67,18.0,0.199,4.28,0.008072,"F(3, 66)"
B. corrected (2024 block re-sourced; 9 Q1-2024 and 16 2023-Q3/Q4 cells missing),Juror Days / Trial,Oct-Dec,7.549,3.558,0.576,14.522,0.0339,4421,67,18.0,0.199,4.28,0.008072,"F(3, 66)"
B. corrected (2024 block re-sourced; 9 Q1-2024 and 16 2023-Q3/Q4 cells missing),People Brought In / Trial,Jan-Mar,4.447,2.326,-0.112,9.006,0.0559,4421,67,18.0,0.186,3.68,0.016388,"F(3, 66)"
B. corrected (2024 block re-sourced; 9 Q1-2024 and 16 2023-Q3/Q4 cells missing),People Brought In / Trial,Apr-Jun,1.708,2.642,-3.469,6.886,0.5178,4421,67,18.0,0.186,3.68,0.016388,"F(3, 66)"
B. corrected (2024 block re-sourced; 9 Q1-2024 and 16 2023-Q3/Q4 cells missing),People Brought In / Trial,Oct-Dec,6.845,3.525,-0.064,13.753,0.0522,4421,67,18.0,0.186,3.68,0.016388,"F(3, 66)"
B. corrected (2024 block re-sourced; 9 Q1-2024 and 16 2023-Q3/Q4 cells missing),Percent to Voir Dire,Jan-Mar,3.173,0.769,1.665,4.68,0.0,4421,67,18.0,0.367,7.32,0.000261,"F(3, 66)"
B. corrected (2024 block re-sourced; 9 Q1-2024 and 16 2023-Q3/Q4 cells missing),Percent to Voir Dire,Apr-Jun,0.355,0.913,-1.435,2.146,0.6971,4421,67,18.0,0.367,7.32,0.000261,"F(3, 66)"
B. corrected (2024 block re-sourced; 9 Q1-2024 and 16 2023-Q3/Q4 cells missing),Percent to Voir Dire,Oct-Dec,2.461,1.085,0.335,4.588,0.0233,4421,67,18.0,0.367,7.32,0.000261,"F(3, 66)"
B. corrected (2024 block re-sourced; 9 Q1-2024 and 16 2023-Q3/Q4 cells missing),Average Panel Size,Jan-Mar,1.225,0.523,0.199,2.25,0.0192,4421,67,18.0,0.368,4.88,0.00399,"F(3, 66)"
B. corrected (2024 block re-sourced; 9 Q1-2024 and 16 2023-Q3/Q4 cells missing),Average Panel Size,Apr-Jun,-0.36,0.439,-1.221,0.501,0.413,4421,67,18.0,0.368,4.88,0.00399,"F(3, 66)"
B. corrected (2024 block re-sourced; 9 Q1-2024 and 16 2023-Q3/Q4 cells missing),Average Panel Size,Oct-Dec,1.348,0.54,0.289,2.406,0.0126,4421,67,18.0,0.368,4.88,0.00399,"F(3, 66)"
B. corrected (2024 block re-sourced; 9 Q1-2024 and 16 2023-Q3/Q4 cells missing),Number of Trials,Jan-Mar,3.649,1.151,1.393,5.905,0.0015,4421,67,18.0,0.806,6.52,0.000627,"F(3, 66)"
B. corrected (2024 block re-sourced; 9 Q1-2024 and 16 2023-Q3/Q4 cells missing),Number of Trials,Apr-Jun,1.456,0.81,-0.131,3.042,0.0722,4421,67,18.0,0.806,6.52,0.000627,"F(3, 66)"
B. corrected (2024 block re-sourced; 9 Q1-2024 and 16 2023-Q3/Q4 cells missing),Number of Trials,Oct-Dec,-1.908,0.717,-3.315,-0.502,0.0078,4421,67,18.0,0.806,6.52,0.000627,"F(3, 66)"
"F. corrected, 2020 Q2 and Q3 (trial suspension) excluded",Summoning Yield,Jan-Mar,1.717,0.612,0.517,2.918,0.005,4287,67,18.0,0.375,4.75,0.004617,"F(3, 66)"
"F. corrected, 2020 Q2 and Q3 (trial suspension) excluded",Summoning Yield,Apr-Jun,0.139,0.612,-1.061,1.338,0.8209,4287,67,18.0,0.375,4.75,0.004617,"F(3, 66)"
"F. corrected, 2020 Q2 and Q3 (trial suspension) excluded",Summoning Yield,Oct-Dec,0.045,0.677,-1.283,1.373,0.9473,4287,67,18.0,0.375,4.75,0.004617,"F(3, 66)"
"F. corrected, 2020 Q2 and Q3 (trial suspension) excluded",Juror Days / Trial,Jan-Mar,1.954,2.721,-3.38,7.287,0.4729,4287,67,18.0,0.197,0.42,0.740037,"F(3, 66)"
"F. corrected, 2020 Q2 and Q3 (trial suspension) excluded",Juror Days / Trial,Apr-Jun,2.72,2.924,-3.011,8.452,0.3522,4287,67,18.0,0.197,0.42,0.740037,"F(3, 66)"
"F. corrected, 2020 Q2 and Q3 (trial suspension) excluded",Juror Days / Trial,Oct-Dec,3.904,3.658,-3.266,11.074,0.2859,4287,67,18.0,0.197,0.42,0.740037,"F(3, 66)"
"F. corrected, 2020 Q2 and Q3 (trial suspension) excluded",People Brought In / Trial,Jan-Mar,1.255,2.539,-3.721,6.232,0.621,4287,67,18.0,0.185,0.46,0.711266,"F(3, 66)"
"F. corrected, 2020 Q2 and Q3 (trial suspension) excluded",People Brought In / Trial,Apr-Jun,2.256,2.799,-3.23,7.743,0.4203,4287,67,18.0,0.185,0.46,0.711266,"F(3, 66)"
"F. corrected, 2020 Q2 and Q3 (trial suspension) excluded",People Brought In / Trial,Oct-Dec,3.605,3.634,-3.518,10.728,0.3212,4287,67,18.0,0.185,0.46,0.711266,"F(3, 66)"
"F. corrected, 2020 Q2 and Q3 (trial suspension) excluded",Percent to Voir Dire,Jan-Mar,1.942,0.807,0.359,3.524,0.0162,4287,67,18.0,0.363,2.01,0.120658,"F(3, 66)"
"F. corrected, 2020 Q2 and Q3 (trial suspension) excluded",Percent to Voir Dire,Apr-Jun,1.492,0.952,-0.374,3.359,0.1172,4287,67,18.0,0.363,2.01,0.120658,"F(3, 66)"
"F. corrected, 2020 Q2 and Q3 (trial suspension) excluded",Percent to Voir Dire,Oct-Dec,1.192,1.162,-1.085,3.469,0.3047,4287,67,18.0,0.363,2.01,0.120658,"F(3, 66)"
"F. corrected, 2020 Q2 and Q3 (trial suspension) excluded",Average Panel Size,Jan-Mar,0.082,0.546,-0.988,1.152,0.881,4287,67,18.0,0.362,0.09,0.964914,"F(3, 66)"
"F. corrected, 2020 Q2 and Q3 (trial suspension) excluded",Average Panel Size,Apr-Jun,-0.098,0.456,-0.991,0.795,0.8299,4287,67,18.0,0.362,0.09,0.964914,"F(3, 66)"
"F. corrected, 2020 Q2 and Q3 (trial suspension) excluded",Average Panel Size,Oct-Dec,0.186,0.559,-0.91,1.283,0.739,4287,67,18.0,0.362,0.09,0.964914,"F(3, 66)"
"F. corrected, 2020 Q2 and Q3 (trial suspension) excluded",Number of Trials,Jan-Mar,2.858,1.067,0.767,4.95,0.0074,4287,67,18.0,0.829,7.36,0.000251,"F(3, 66)"
"F. corrected, 2020 Q2 and Q3 (trial suspension) excluded",Number of Trials,Apr-Jun,1.602,0.863,-0.09,3.295,0.0635,4287,67,18.0,0.829,7.36,0.000251,"F(3, 66)"
"F. corrected, 2020 Q2 and Q3 (trial suspension) excluded",Number of Trials,Oct-Dec,-2.711,0.804,-4.287,-1.135,0.0007,4287,67,18.0,0.829,7.36,0.000251,"F(3, 66)"
"E. corrected, calendar 2020 excluded",Summoning Yield,Jan-Mar,1.403,0.629,0.17,2.636,0.0257,4153,67,17.0,0.381,2.41,0.074921,"F(3, 66)"
"E. corrected, calendar 2020 excluded",Summoning Yield,Apr-Jun,0.128,0.612,-1.072,1.328,0.8341,4153,67,17.0,0.381,2.41,0.074921,"F(3, 66)"
"E. corrected, calendar 2020 excluded",Summoning Yield,Oct-Dec,0.356,0.69,-0.997,1.709,0.6059,4153,67,17.0,0.381,2.41,0.074921,"F(3, 66)"
"E. corrected, calendar 2020 excluded",Juror Days / Trial,Jan-Mar,1.706,2.641,-3.471,6.884,0.5183,4153,67,17.0,0.199,0.49,0.69161,"F(3, 66)"
"E. corrected, calendar 2020 excluded",Juror Days / Trial,Apr-Jun,2.712,2.923,-3.017,8.441,0.3534,4153,67,17.0,0.199,0.49,0.69161,"F(3, 66)"
"E. corrected, calendar 2020 excluded",Juror Days / Trial,Oct-Dec,4.149,3.741,-3.182,11.481,0.2673,4153,67,17.0,0.199,0.49,0.69161,"F(3, 66)"
"E. corrected, calendar 2020 excluded",People Brought In / Trial,Jan-Mar,1.21,2.445,-3.582,6.002,0.6205,4153,67,17.0,0.187,0.45,0.718863,"F(3, 66)"
"E. corrected, calendar 2020 excluded",People Brought In / Trial,Apr-Jun,2.255,2.797,-3.228,7.737,0.4203,4153,67,17.0,0.187,0.45,0.718863,"F(3, 66)"
"E. corrected, calendar 2020 excluded",People Brought In / Trial,Oct-Dec,3.65,3.727,-3.655,10.955,0.3274,4153,67,17.0,0.187,0.45,0.718863,"F(3, 66)"
"E. corrected, calendar 2020 excluded",Percent to Voir Dire,Jan-Mar,1.388,0.785,-0.151,2.926,0.0771,4153,67,17.0,0.365,1.28,0.287385,"F(3, 66)"
"E. corrected, calendar 2020 excluded",Percent to Voir Dire,Apr-Jun,1.474,0.952,-0.393,3.34,0.1217,4153,67,17.0,0.365,1.28,0.287385,"F(3, 66)"
"E. corrected, calendar 2020 excluded",Percent to Voir Dire,Oct-Dec,1.741,1.199,-0.609,4.09,0.1465,4153,67,17.0,0.365,1.28,0.287385,"F(3, 66)"
"E. corrected, calendar 2020 excluded",Average Panel Size,Jan-Mar,-0.278,0.549,-1.353,0.798,0.6131,4153,67,17.0,0.365,0.58,0.629653,"F(3, 66)"
"E. corrected, calendar 2020 excluded",Average Panel Size,Apr-Jun,-0.11,0.455,-1.002,0.782,0.8095,4153,67,17.0,0.365,0.58,0.629653,"F(3, 66)"
"E. corrected, calendar 2020 excluded",Average Panel Size,Oct-Dec,0.542,0.585,-0.605,1.69,0.3543,4153,67,17.0,0.365,0.58,0.629653,"F(3, 66)"
"E. corrected, calendar 2020 excluded",Number of Trials,Jan-Mar,2.461,1.01,0.481,4.44,0.0148,4153,67,17.0,0.839,7.06,0.000348,"F(3, 66)"
"E. corrected, calendar 2020 excluded",Number of Trials,Apr-Jun,1.589,0.862,-0.101,3.279,0.0654,4153,67,17.0,0.839,7.06,0.000348,"F(3, 66)"
"E. corrected, calendar 2020 excluded",Number of Trials,Oct-Dec,-2.318,0.766,-3.818,-0.817,0.0025,4153,67,17.0,0.839,7.06,0.000348,"F(3, 66)"
"I. corrected, 2020 and 2021 excluded (pandemic disruption window)",Summoning Yield,Jan-Mar,1.864,0.593,0.701,3.027,0.0017,3885,67,16.0,0.4,4.54,0.005909,"F(3, 66)"
"I. corrected, 2020 and 2021 excluded (pandemic disruption window)",Summoning Yield,Apr-Jun,0.454,0.62,-0.761,1.67,0.4638,3885,67,16.0,0.4,4.54,0.005909,"F(3, 66)"
"I. corrected, 2020 and 2021 excluded (pandemic disruption window)",Summoning Yield,Oct-Dec,0.373,0.676,-0.953,1.698,0.5815,3885,67,16.0,0.4,4.54,0.005909,"F(3, 66)"
"I. corrected, 2020 and 2021 excluded (pandemic disruption window)",Juror Days / Trial,Jan-Mar,2.38,2.893,-3.289,8.05,0.4106,3885,67,16.0,0.197,0.25,0.859663,"F(3, 66)"
"I. corrected, 2020 and 2021 excluded (pandemic disruption window)",Juror Days / Trial,Apr-Jun,2.729,3.182,-3.506,8.965,0.391,3885,67,16.0,0.197,0.25,0.859663,"F(3, 66)"
"I. corrected, 2020 and 2021 excluded (pandemic disruption window)",Juror Days / Trial,Oct-Dec,2.959,3.903,-4.69,10.608,0.4483,3885,67,16.0,0.197,0.25,0.859663,"F(3, 66)"
"I. corrected, 2020 and 2021 excluded (pandemic disruption window)",People Brought In / Trial,Jan-Mar,1.611,2.68,-3.641,6.863,0.5478,3885,67,16.0,0.186,0.23,0.877619,"F(3, 66)"
"I. corrected, 2020 and 2021 excluded (pandemic disruption window)",People Brought In / Trial,Apr-Jun,2.345,3.062,-3.656,8.346,0.4438,3885,67,16.0,0.186,0.23,0.877619,"F(3, 66)"
"I. corrected, 2020 and 2021 excluded (pandemic disruption window)",People Brought In / Trial,Oct-Dec,2.781,3.92,-4.903,10.464,0.4782,3885,67,16.0,0.186,0.23,0.877619,"F(3, 66)"
"I. corrected, 2020 and 2021 excluded (pandemic disruption window)",Percent to Voir Dire,Jan-Mar,1.489,0.782,-0.044,3.021,0.0569,3885,67,16.0,0.389,1.22,0.308249,"F(3, 66)"
"I. corrected, 2020 and 2021 excluded (pandemic disruption window)",Percent to Voir Dire,Apr-Jun,0.922,1.014,-1.065,2.91,0.3629,3885,67,16.0,0.389,1.22,0.308249,"F(3, 66)"
"I. corrected, 2020 and 2021 excluded (pandemic disruption window)",Percent to Voir Dire,Oct-Dec,1.358,1.256,-1.104,3.819,0.2797,3885,67,16.0,0.389,1.22,0.308249,"F(3, 66)"
"I. corrected, 2020 and 2021 excluded (pandemic disruption window)",Average Panel Size,Jan-Mar,0.194,0.571,-0.925,1.314,0.7336,3885,67,16.0,0.378,0.21,0.886962,"F(3, 66)"
"I. corrected, 2020 and 2021 excluded (pandemic disruption window)",Average Panel Size,Apr-Jun,-0.15,0.519,-1.167,0.867,0.7723,3885,67,16.0,0.378,0.21,0.886962,"F(3, 66)"
"I. corrected, 2020 and 2021 excluded (pandemic disruption window)",Average Panel Size,Oct-Dec,0.259,0.603,-0.924,1.441,0.668,3885,67,16.0,0.378,0.21,0.886962,"F(3, 66)"
"I. corrected, 2020 and 2021 excluded (pandemic disruption window)",Number of Trials,Jan-Mar,3.328,1.218,0.94,5.715,0.0063,3885,67,16.0,0.861,7.1,0.000331,"F(3, 66)"
"I. corrected, 2020 and 2021 excluded (pandemic disruption window)",Number of Trials,Apr-Jun,1.756,0.958,-0.122,3.635,0.0669,3885,67,16.0,0.861,7.1,0.000331,"F(3, 66)"
"I. corrected, 2020 and 2021 excluded (pandemic disruption window)",Number of Trials,Oct-Dec,-2.712,0.828,-4.335,-1.09,0.0011,3885,67,16.0,0.861,7.1,0.000331,"F(3, 66)"
"G. corrected, 2008 Q4 to 2019 Q4",Summoning Yield,Jan-Mar,1.918,0.59,0.762,3.074,0.0012,3015,67,12.0,0.475,4.54,0.005912,"F(3, 66)"
"G. corrected, 2008 Q4 to 2019 Q4",Summoning Yield,Apr-Jun,0.388,0.673,-0.932,1.708,0.5644,3015,67,12.0,0.475,4.54,0.005912,"F(3, 66)"
"G. corrected, 2008 Q4 to 2019 Q4",Summoning Yield,Oct-Dec,0.505,0.747,-0.958,1.969,0.4987,3015,67,12.0,0.475,4.54,0.005912,"F(3, 66)"
"G. corrected, 2008 Q4 to 2019 Q4",Juror Days / Trial,Jan-Mar,0.743,1.826,-2.835,4.321,0.6841,3015,67,12.0,0.252,0.06,0.982566,"F(3, 66)"
"G. corrected, 2008 Q4 to 2019 Q4",Juror Days / Trial,Apr-Jun,0.494,2.069,-3.56,4.549,0.8112,3015,67,12.0,0.252,0.06,0.982566,"F(3, 66)"
"G. corrected, 2008 Q4 to 2019 Q4",Juror Days / Trial,Oct-Dec,0.434,1.739,-2.975,3.842,0.8031,3015,67,12.0,0.252,0.06,0.982566,"F(3, 66)"
"G. corrected, 2008 Q4 to 2019 Q4",People Brought In / Trial,Jan-Mar,-0.075,1.435,-2.889,2.738,0.9582,3015,67,12.0,0.26,0.03,0.99439,"F(3, 66)"
"G. corrected, 2008 Q4 to 2019 Q4",People Brought In / Trial,Apr-Jun,0.126,1.84,-3.479,3.731,0.9454,3015,67,12.0,0.26,0.03,0.99439,"F(3, 66)"
"G. corrected, 2008 Q4 to 2019 Q4",People Brought In / Trial,Oct-Dec,0.337,1.62,-2.838,3.511,0.8352,3015,67,12.0,0.26,0.03,0.99439,"F(3, 66)"
"G. corrected, 2008 Q4 to 2019 Q4",Percent to Voir Dire,Jan-Mar,2.007,0.945,0.155,3.86,0.0337,3015,67,12.0,0.475,1.52,0.21757,"F(3, 66)"
"G. corrected, 2008 Q4 to 2019 Q4",Percent to Voir Dire,Apr-Jun,1.318,1.146,-0.928,3.564,0.25,3015,67,12.0,0.475,1.52,0.21757,"F(3, 66)"
"G. corrected, 2008 Q4 to 2019 Q4",Percent to Voir Dire,Oct-Dec,1.274,1.182,-1.043,3.591,0.2813,3015,67,12.0,0.475,1.52,0.21757,"F(3, 66)"
"G. corrected, 2008 Q4 to 2019 Q4",Average Panel Size,Jan-Mar,0.344,0.672,-0.974,1.662,0.609,3015,67,12.0,0.382,0.31,0.820214,"F(3, 66)"
"G. corrected, 2008 Q4 to 2019 Q4",Average Panel Size,Apr-Jun,-0.037,0.611,-1.235,1.161,0.9515,3015,67,12.0,0.382,0.31,0.820214,"F(3, 66)"
"G. corrected, 2008 Q4 to 2019 Q4",Average Panel Size,Oct-Dec,0.469,0.711,-0.924,1.861,0.5095,3015,67,12.0,0.382,0.31,0.820214,"F(3, 66)"
"G. corrected, 2008 Q4 to 2019 Q4",Number of Trials,Jan-Mar,4.035,1.541,1.014,7.057,0.0089,3015,67,12.0,0.879,6.64,0.000546,"F(3, 66)"
"G. corrected, 2008 Q4 to 2019 Q4",Number of Trials,Apr-Jun,1.932,1.155,-0.332,4.196,0.0944,3015,67,12.0,0.879,6.64,0.000546,"F(3, 66)"
"G. corrected, 2008 Q4 to 2019 Q4",Number of Trials,Oct-Dec,-2.497,0.96,-4.377,-0.616,0.0093,3015,67,12.0,0.879,6.64,0.000546,"F(3, 66)"
"H. corrected, 2021 Q1 to 2025 Q4",Summoning Yield,Jan-Mar,0.015,1.435,-2.798,2.829,0.9915,1138,67,5.0,0.518,0.19,0.905973,"F(3, 66)"
"H. corrected, 2021 Q1 to 2025 Q4",Summoning Yield,Apr-Jun,-0.559,1.04,-2.597,1.48,0.5912,1138,67,5.0,0.518,0.19,0.905973,"F(3, 66)"
"H. corrected, 2021 Q1 to 2025 Q4",Summoning Yield,Oct-Dec,0.134,1.057,-1.938,2.205,0.8993,1138,67,5.0,0.518,0.19,0.905973,"F(3, 66)"
"H. corrected, 2021 Q1 to 2025 Q4",Juror Days / Trial,Jan-Mar,3.153,7.47,-11.488,17.794,0.673,1138,67,5.0,0.41,0.71,0.547668,"F(3, 66)"
"H. corrected, 2021 Q1 to 2025 Q4",Juror Days / Trial,Apr-Jun,7.608,8.859,-9.755,24.972,0.3904,1138,67,5.0,0.41,0.71,0.547668,"F(3, 66)"
"H. corrected, 2021 Q1 to 2025 Q4",Juror Days / Trial,Oct-Dec,13.78,12.541,-10.801,38.36,0.2719,1138,67,5.0,0.41,0.71,0.547668,"F(3, 66)"
"H. corrected, 2021 Q1 to 2025 Q4",People Brought In / Trial,Jan-Mar,3.69,7.225,-10.471,17.851,0.6095,1138,67,5.0,0.407,0.49,0.691659,"F(3, 66)"
"H. corrected, 2021 Q1 to 2025 Q4",People Brought In / Trial,Apr-Jun,7.052,8.724,-10.046,24.151,0.4189,1138,67,5.0,0.407,0.49,0.691659,"F(3, 66)"
"H. corrected, 2021 Q1 to 2025 Q4",People Brought In / Trial,Oct-Dec,12.099,12.437,-12.277,36.475,0.3306,1138,67,5.0,0.407,0.49,0.691659,"F(3, 66)"
"H. corrected, 2021 Q1 to 2025 Q4",Percent to Voir Dire,Jan-Mar,-0.503,1.803,-4.036,3.03,0.7801,1138,67,5.0,0.38,1.89,0.1403,"F(3, 66)"
"H. corrected, 2021 Q1 to 2025 Q4",Percent to Voir Dire,Apr-Jun,1.715,1.785,-1.784,5.214,0.3368,1138,67,5.0,0.38,1.89,0.1403,"F(3, 66)"
"H. corrected, 2021 Q1 to 2025 Q4",Percent to Voir Dire,Oct-Dec,3.234,1.966,-0.62,7.088,0.1,1138,67,5.0,0.38,1.89,0.1403,"F(3, 66)"
"H. corrected, 2021 Q1 to 2025 Q4",Average Panel Size,Jan-Mar,-2.035,1.18,-4.348,0.278,0.0846,1138,67,5.0,0.456,1.15,0.336018,"F(3, 66)"
"H. corrected, 2021 Q1 to 2025 Q4",Average Panel Size,Apr-Jun,-0.358,0.763,-1.853,1.138,0.6392,1138,67,5.0,0.456,1.15,0.336018,"F(3, 66)"
"H. corrected, 2021 Q1 to 2025 Q4",Average Panel Size,Oct-Dec,0.929,0.95,-0.933,2.791,0.3281,1138,67,5.0,0.456,1.15,0.336018,"F(3, 66)"
"H. corrected, 2021 Q1 to 2025 Q4",Number of Trials,Jan-Mar,-1.991,1.17,-4.285,0.303,0.0889,1138,67,5.0,0.846,3.37,0.023644,"F(3, 66)"
"H. corrected, 2021 Q1 to 2025 Q4",Number of Trials,Apr-Jun,0.524,0.89,-1.221,2.269,0.556,1138,67,5.0,0.846,3.37,0.023644,"F(3, 66)"
"H. corrected, 2021 Q1 to 2025 Q4",Number of Trials,Oct-Dec,-1.342,0.834,-2.977,0.294,0.1079,1138,67,5.0,0.846,3.37,0.023644,"F(3, 66)"
"J. corrected, 2022 Q1 to 2025 Q4",Summoning Yield,Jan-Mar,1.749,1.399,-0.993,4.491,0.2112,870,67,4.0,0.583,0.57,0.636564,"F(3, 66)"
"J. corrected, 2022 Q1 to 2025 Q4",Summoning Yield,Apr-Jun,0.78,0.977,-1.136,2.695,0.4251,870,67,4.0,0.583,0.57,0.636564,"F(3, 66)"
"J. corrected, 2022 Q1 to 2025 Q4",Summoning Yield,Oct-Dec,-0.116,0.996,-2.068,1.835,0.907,870,67,4.0,0.583,0.57,0.636564,"F(3, 66)"
"J. corrected, 2022 Q1 to 2025 Q4",Juror Days / Trial,Jan-Mar,7.078,9.287,-11.123,25.279,0.446,870,67,4.0,0.504,0.23,0.877125,"F(3, 66)"
"J. corrected, 2022 Q1 to 2025 Q4",Juror Days / Trial,Apr-Jun,9.618,11.668,-13.251,32.488,0.4098,870,67,4.0,0.504,0.23,0.877125,"F(3, 66)"
"J. corrected, 2022 Q1 to 2025 Q4",Juror Days / Trial,Oct-Dec,10.804,15.974,-20.505,42.113,0.4988,870,67,4.0,0.504,0.23,0.877125,"F(3, 66)"
"J. corrected, 2022 Q1 to 2025 Q4",People Brought In / Trial,Jan-Mar,6.538,8.934,-10.972,24.048,0.4643,870,67,4.0,0.508,0.22,0.884952,"F(3, 66)"
"J. corrected, 2022 Q1 to 2025 Q4",People Brought In / Trial,Apr-Jun,9.226,11.465,-13.245,31.696,0.421,870,67,4.0,0.508,0.22,0.884952,"F(3, 66)"
"J. corrected, 2022 Q1 to 2025 Q4",People Brought In / Trial,Oct-Dec,10.309,16.04,-21.128,41.747,0.5204,870,67,4.0,0.508,0.22,0.884952,"F(3, 66)"
"J. corrected, 2022 Q1 to 2025 Q4",Percent to Voir Dire,Jan-Mar,-0.554,2.116,-4.703,3.594,0.7934,870,67,4.0,0.446,0.26,0.857099,"F(3, 66)"
"J. corrected, 2022 Q1 to 2025 Q4",Percent to Voir Dire,Apr-Jun,-0.671,2.11,-4.808,3.465,0.7504,870,67,4.0,0.446,0.26,0.857099,"F(3, 66)"
"J. corrected, 2022 Q1 to 2025 Q4",Percent to Voir Dire,Oct-Dec,2.211,2.726,-3.132,7.554,0.4172,870,67,4.0,0.446,0.26,0.857099,"F(3, 66)"
"J. corrected, 2022 Q1 to 2025 Q4",Average Panel Size,Jan-Mar,-0.243,1.549,-3.279,2.792,0.8751,870,67,4.0,0.504,0.12,0.948192,"F(3, 66)"
"J. corrected, 2022 Q1 to 2025 Q4",Average Panel Size,Apr-Jun,-0.454,1.169,-2.744,1.836,0.6977,870,67,4.0,0.504,0.12,0.948192,"F(3, 66)"
"J. corrected, 2022 Q1 to 2025 Q4",Average Panel Size,Oct-Dec,-0.403,0.89,-2.148,1.341,0.6505,870,67,4.0,0.504,0.12,0.948192,"F(3, 66)"
"J. corrected, 2022 Q1 to 2025 Q4",Number of Trials,Jan-Mar,0.804,1.437,-2.013,3.621,0.5757,870,67,4.0,0.915,7.59,0.000195,"F(3, 66)"
"J. corrected, 2022 Q1 to 2025 Q4",Number of Trials,Apr-Jun,1.182,1.103,-0.979,3.344,0.2837,870,67,4.0,0.915,7.59,0.000195,"F(3, 66)"
"J. corrected, 2022 Q1 to 2025 Q4",Number of Trials,Oct-Dec,-3.14,1.076,-5.249,-1.03,0.0035,870,67,4.0,0.915,7.59,0.000195,"F(3, 66)"
D. all 2024 dropped (corrected panel),Summoning Yield,Jan-Mar,3.226,0.626,2.0,4.453,0.0,4153,67,17.0,0.389,20.3,0.0,"F(3, 66)"
D. all 2024 dropped (corrected panel),Summoning Yield,Apr-Jun,-0.715,0.616,-1.922,0.492,0.2454,4153,67,17.0,0.389,20.3,0.0,"F(3, 66)"
D. all 2024 dropped (corrected panel),Summoning Yield,Oct-Dec,1.52,0.662,0.223,2.816,0.0216,4153,67,17.0,0.389,20.3,0.0,"F(3, 66)"
D. all 2024 dropped (corrected panel),Juror Days / Trial,Jan-Mar,4.815,1.935,1.023,8.606,0.0128,4153,67,17.0,0.204,4.66,0.005153,"F(3, 66)"
D. all 2024 dropped (corrected panel),Juror Days / Trial,Apr-Jun,-0.366,1.817,-3.927,3.196,0.8405,4153,67,17.0,0.204,4.66,0.005153,"F(3, 66)"
D. all 2024 dropped (corrected panel),Juror Days / Trial,Oct-Dec,5.958,2.739,0.59,11.326,0.0296,4153,67,17.0,0.204,4.66,0.005153,"F(3, 66)"
D. all 2024 dropped (corrected panel),People Brought In / Trial,Jan-Mar,3.84,1.706,0.496,7.185,0.0244,4153,67,17.0,0.189,4.18,0.009022,"F(3, 66)"
D. all 2024 dropped (corrected panel),People Brought In / Trial,Apr-Jun,-0.578,1.567,-3.65,2.494,0.7122,4153,67,17.0,0.189,4.18,0.009022,"F(3, 66)"
D. all 2024 dropped (corrected panel),People Brought In / Trial,Oct-Dec,5.406,2.672,0.169,10.643,0.043,4153,67,17.0,0.189,4.18,0.009022,"F(3, 66)"
D. all 2024 dropped (corrected panel),Percent to Voir Dire,Jan-Mar,3.519,0.869,1.817,5.222,0.0001,4153,67,17.0,0.379,7.07,0.000342,"F(3, 66)"
D. all 2024 dropped (corrected panel),Percent to Voir Dire,Apr-Jun,0.506,0.97,-1.395,2.406,0.6021,4153,67,17.0,0.379,7.07,0.000342,"F(3, 66)"
D. all 2024 dropped (corrected panel),Percent to Voir Dire,Oct-Dec,2.626,1.15,0.372,4.88,0.0224,4153,67,17.0,0.379,7.07,0.000342,"F(3, 66)"
D. all 2024 dropped (corrected panel),Average Panel Size,Jan-Mar,1.27,0.542,0.208,2.333,0.0191,4153,67,17.0,0.364,4.88,0.003984,"F(3, 66)"
D. all 2024 dropped (corrected panel),Average Panel Size,Apr-Jun,-0.471,0.473,-1.397,0.456,0.3196,4153,67,17.0,0.364,4.88,0.003984,"F(3, 66)"
D. all 2024 dropped (corrected panel),Average Panel Size,Oct-Dec,1.228,0.566,0.118,2.338,0.0301,4153,67,17.0,0.364,4.88,0.003984,"F(3, 66)"
D. all 2024 dropped (corrected panel),Number of Trials,Jan-Mar,3.994,1.232,1.578,6.409,0.0012,4153,67,17.0,0.806,6.02,0.00109,"F(3, 66)"
D. all 2024 dropped (corrected panel),Number of Trials,Apr-Jun,1.641,0.857,-0.037,3.32,0.0553,4153,67,17.0,0.806,6.02,0.00109,"F(3, 66)"
D. all 2024 dropped (corrected panel),Number of Trials,Oct-Dec,-1.527,0.729,-2.955,-0.099,0.0361,4153,67,17.0,0.806,6.02,0.00109,"F(3, 66)"
