sample,outcome,term,coef,se,ci_lo,ci_hi,p,n,r2,jointF,jointF_p,df
B full corrected,Summoning Yield,Jan-Mar,1.0895319952971745,0.6156119321000473,-0.11704522007203533,2.2961092106663843,0.07675450929218104,4039,0.3895370990617014,3.8562077868562685,0.013226038379163836,"F(3,66)"
B full corrected,Summoning Yield,Apr-Jun,-0.32795501832444884,0.5175333585671376,-1.3423017619140922,0.6863917252651945,0.5262840297639555,4039,0.3895370990617014,3.8562077868562685,0.013226038379163836,"F(3,66)"
B full corrected,Summoning Yield,Oct-Dec,0.34752965582553674,0.5456090002923609,-0.7218443343883945,1.416903646039468,0.5241526334704891,4039,0.3895370990617014,3.8562077868562685,0.013226038379163836,"F(3,66)"
B full corrected,Juror Days / Trial,Jan-Mar,3.129214452591992,3.5321826848033546,-3.7937363964385766,10.05216530162256,0.3756632059542079,3438,0.19145364792886843,0.7787405747474777,0.5100240481135104,"F(3,66)"
B full corrected,Juror Days / Trial,Apr-Jun,4.140076483427227,3.9449273053946863,-3.5918389567750015,11.871991923629455,0.2939625991068108,3438,0.19145364792886843,0.7787405747474777,0.5100240481135104,"F(3,66)"
B full corrected,Juror Days / Trial,Oct-Dec,6.824047702529678,4.629704429357585,-2.250006238076751,15.898101643136108,0.14048953701127026,3438,0.19145364792886843,0.7787405747474777,0.5100240481135104,"F(3,66)"
B full corrected,People Brought In / Trial,Jan-Mar,2.549764333242085,3.29187387273923,-3.9021898989751946,9.001718565459365,0.43859781454519886,3438,0.18588717391858933,0.7324801184836595,0.5363184461637344,"F(3,66)"
B full corrected,People Brought In / Trial,Apr-Jun,3.628742805259127,3.770107252527099,-3.760531627547242,11.018017238065497,0.3357965622260597,3438,0.18588717391858933,0.7324801184836595,0.5363184461637344,"F(3,66)"
B full corrected,People Brought In / Trial,Oct-Dec,6.300983255088155,4.5692574789471605,-2.6545968397385638,15.256563349914874,0.16789629295403352,3438,0.18588717391858933,0.7324801184836595,0.5363184461637344,"F(3,66)"
B full corrected,Percent to Voir Dire,Jan-Mar,-0.10025323390543311,0.8693488486083649,-1.8041456671791922,1.6036391993683259,0.9081915550768307,3438,0.33072345609017784,0.11930983349772835,0.9484460176764933,"F(3,66)"
B full corrected,Percent to Voir Dire,Apr-Jun,-0.08579019811803505,0.9422557465604268,-1.9325775256023725,1.7609971293663023,0.9274547065222877,3438,0.33072345609017784,0.11930983349772835,0.9484460176764933,"F(3,66)"
B full corrected,Percent to Voir Dire,Oct-Dec,0.4186301323698338,1.018667979326316,-1.577922419313938,2.4151826840536055,0.6811030606603238,3438,0.33072345609017784,0.11930983349772835,0.9484460176764933,"F(3,66)"
B full corrected,Average Panel Size,Jan-Mar,0.11709902026180354,0.5756746486289899,-1.011202557863767,1.2454005983873742,0.8388131724212778,4039,0.3363795570185275,0.9308666502041204,0.4308521338941519,"F(3,66)"
B full corrected,Average Panel Size,Apr-Jun,-0.2020301781020749,0.4233263974997083,-1.03173467090659,0.6276743147024402,0.6331880549094278,4039,0.3363795570185275,0.9308666502041204,0.4308521338941519,"F(3,66)"
B full corrected,Average Panel Size,Oct-Dec,0.5416406746881667,0.4891657237530516,-0.4171065263392837,1.500387875715617,0.26817531661853766,4039,0.3363795570185275,0.9308666502041204,0.4308521338941519,"F(3,66)"
B full corrected,Number of Trials,Jan-Mar,3.637593712578789,1.1493951519170384,1.3848206108164498,5.890366814341128,0.001551951829619181,4419,0.8056517113181932,6.518854862175779,0.0006264222375099282,"F(3,66)"
B full corrected,Number of Trials,Apr-Jun,1.444496697653419,0.8082618999434353,-0.139667516311631,3.028660911618469,0.07391096044945844,4419,0.8056517113181932,6.518854862175779,0.0006264222375099282,"F(3,66)"
B full corrected,Number of Trials,Oct-Dec,-1.9193841625403256,0.7185225049079947,-3.3276623942414996,-0.5111059308391517,0.007555965224048344,4419,0.8056517113181932,6.518854862175779,0.0006264222375099282,"F(3,66)"
F 2020 Q2-Q3 excluded,Summoning Yield,Jan-Mar,1.1211930755383825,0.5729630320108134,-0.0017938316756818118,2.244179982752447,0.050367083957363876,4021,0.39237020530725697,4.055103438240655,0.01045693197780289,"F(3,66)"
F 2020 Q2-Q3 excluded,Summoning Yield,Apr-Jun,-0.30822470665093227,0.49854913416494007,-1.2853630541378422,0.6689136408359777,0.5364149121955488,4021,0.39237020530725697,4.055103438240655,0.01045693197780289,"F(3,66)"
F 2020 Q2-Q3 excluded,Summoning Yield,Oct-Dec,0.37748311497420867,0.509629268621879,-0.6213718969921627,1.37633812694058,0.458874507659755,4021,0.39237020530725697,4.055103438240655,0.01045693197780289,"F(3,66)"
F 2020 Q2-Q3 excluded,Juror Days / Trial,Jan-Mar,1.3453946241448564,3.714265925277633,-5.934432818403644,8.625222066693357,0.7171849753766957,3420,0.19288661417063024,0.680061560320704,0.5673630866299177,"F(3,66)"
F 2020 Q2-Q3 excluded,Juror Days / Trial,Apr-Jun,3.0447582295992097,4.032732591676229,-4.8592524093670715,10.948768868565491,0.4502422686070243,3420,0.19288661417063024,0.680061560320704,0.5673630866299177,"F(3,66)"
F 2020 Q2-Q3 excluded,Juror Days / Trial,Oct-Dec,5.276514606761994,4.764132748855497,-4.061013998562586,14.614043212086575,0.26805626343333744,3420,0.19288661417063024,0.680061560320704,0.5673630866299177,"F(3,66)"
F 2020 Q2-Q3 excluded,People Brought In / Trial,Jan-Mar,0.9879645206377186,3.4656984237586492,-5.804679571206468,7.780608612481905,0.7755909840176514,3420,0.18726811130637333,0.7672641059251591,0.5164503174788939,"F(3,66)"
F 2020 Q2-Q3 excluded,People Brought In / Trial,Apr-Jun,2.669928890341434,3.865672889855168,-4.906650749787567,10.246508530470436,0.48976894702698903,3420,0.18726811130637333,0.7672641059251591,0.5164503174788939,"F(3,66)"
F 2020 Q2-Q3 excluded,People Brought In / Trial,Oct-Dec,4.946601720257806,4.703323175654322,-4.27174231167722,14.164945752192832,0.2929258201844347,3420,0.18726811130637333,0.7672641059251591,0.5164503174788939,"F(3,66)"
F 2020 Q2-Q3 excluded,Percent to Voir Dire,Jan-Mar,0.432268823840096,0.866943220165793,-1.2669086643260368,2.131446312006229,0.6180523181647379,3420,0.33576675346920404,0.29658660584886626,0.8277289620525731,"F(3,66)"
F 2020 Q2-Q3 excluded,Percent to Voir Dire,Apr-Jun,0.24350166910467463,0.9496621826275804,-1.6178020063250824,2.1048053445344315,0.7976352516936377,3420,0.33576675346920404,0.29658660584886626,0.8277289620525731,"F(3,66)"
F 2020 Q2-Q3 excluded,Percent to Voir Dire,Oct-Dec,0.8869126804243882,0.9750187762081225,-1.0240890051938507,2.7979143660426273,0.36301423544504796,3420,0.33576675346920404,0.29658660584886626,0.8277289620525731,"F(3,66)"
F 2020 Q2-Q3 excluded,Average Panel Size,Jan-Mar,-0.20171496800077376,0.589934604754401,-1.3579655465532714,0.954535610551724,0.7324053216502036,4021,0.3380325043451836,0.8315176829942562,0.4812950344051832,"F(3,66)"
F 2020 Q2-Q3 excluded,Average Panel Size,Apr-Jun,-0.4022616930624831,0.4329108594909437,-1.2507513861810127,0.4462280000560464,0.3527843434074709,4021,0.3380325043451836,0.8315176829942562,0.4812950344051832,"F(3,66)"
F 2020 Q2-Q3 excluded,Average Panel Size,Oct-Dec,0.2524076735732747,0.47198859165531604,-0.672672967184927,1.1774883143314765,0.5928054897301709,4021,0.3380325043451836,0.8315176829942562,0.4812950344051832,"F(3,66)"
F 2020 Q2-Q3 excluded,Number of Trials,Jan-Mar,2.847337170106341,1.0656402914213663,0.7587205784456956,4.935953761766987,0.007541196982784883,4285,0.8291818370193522,7.356046704906987,0.0002511842056234838,"F(3,66)"
F 2020 Q2-Q3 excluded,Number of Trials,Apr-Jun,1.5911998621621306,0.8621979504451213,-0.09867706825455724,3.2810767925788182,0.06496255543102755,4285,0.8291818370193522,7.356046704906987,0.0002511842056234838,"F(3,66)"
F 2020 Q2-Q3 excluded,Number of Trials,Oct-Dec,-2.7222749348518542,0.8053079315343955,-4.300649477123717,-1.1439003925799913,0.0007237648270834854,4285,0.8291818370193522,7.356046704906987,0.0002511842056234838,"F(3,66)"
E calendar 2020 excluded,Summoning Yield,Jan-Mar,1.0928156396796602,0.5827040555358612,-0.04926332281605528,2.234894602175376,0.060734777116066105,3911,0.3985954064617624,3.391023565698782,0.022996647761460855,"F(3,66)"
E calendar 2020 excluded,Summoning Yield,Apr-Jun,-0.3065246479343875,0.4972012821646452,-1.2810212540442292,0.6679719581754542,0.5375644956359997,3911,0.3985954064617624,3.391023565698782,0.022996647761460855,"F(3,66)"
E calendar 2020 excluded,Summoning Yield,Oct-Dec,0.4053504450383518,0.5163361946873901,-0.6066499004633943,1.417350790540098,0.43242344126966936,3911,0.3985954064617624,3.391023565698782,0.022996647761460855,"F(3,66)"
E calendar 2020 excluded,Juror Days / Trial,Jan-Mar,1.903367400535441,3.7263567286670867,-5.400157581200544,9.206892382271425,0.6095015612641328,3310,0.19385168926972574,0.476099951684831,0.6999927497102643,"F(3,66)"
E calendar 2020 excluded,Juror Days / Trial,Apr-Jun,3.0906566121754935,4.0421960586740076,-4.831902081275317,11.013215305626304,0.44451072615375276,3310,0.19385168926972574,0.476099951684831,0.6999927497102643,"F(3,66)"
E calendar 2020 excluded,Juror Days / Trial,Oct-Dec,4.785259447724286,4.706735117421422,-4.439771867191604,14.010290762640176,0.30930406655340736,3310,0.19385168926972574,0.476099951684831,0.6999927497102643,"F(3,66)"
E calendar 2020 excluded,People Brought In / Trial,Jan-Mar,1.7447968682193435,3.458418565176071,-5.033578962990445,8.523172699429132,0.6139050442184817,3310,0.18837735216031393,0.39320231967935726,0.758290708174975,"F(3,66)"
E calendar 2020 excluded,People Brought In / Trial,Apr-Jun,2.7296208234835913,3.8735132311575495,-4.862325603224579,10.321567250191762,0.4810040139492172,3310,0.18837735216031393,0.39320231967935726,0.758290708174975,"F(3,66)"
E calendar 2020 excluded,People Brought In / Trial,Oct-Dec,4.279088870643146,4.66583595600697,-4.865781560902527,13.42395930218882,0.359084545836148,3310,0.18837735216031393,0.39320231967935726,0.758290708174975,"F(3,66)"
E calendar 2020 excluded,Percent to Voir Dire,Jan-Mar,0.08734623468477491,0.8338356427980672,-1.5469415942252422,1.721634063594792,0.9165723291385536,3310,0.3394531513457084,0.547649641232053,0.6514744802139301,"F(3,66)"
E calendar 2020 excluded,Percent to Voir Dire,Apr-Jun,0.19526300076354192,0.9539951287061698,-1.6745330929272044,2.065059094454288,0.8378227387612005,3310,0.3394531513457084,0.547649641232053,0.6514744802139301,"F(3,66)"
E calendar 2020 excluded,Percent to Voir Dire,Oct-Dec,1.1660557329682906,1.009489797917571,-0.8125079137107658,3.144619379647347,0.24805188456667937,3310,0.3394531513457084,0.547649641232053,0.6514744802139301,"F(3,66)"
E calendar 2020 excluded,Average Panel Size,Jan-Mar,-0.39202540642620853,0.5834303407284452,-1.5355278617418935,0.7514770488894764,0.5016271066737386,3911,0.3422002864556696,1.4827961830757703,0.22728690255410244,"F(3,66)"
E calendar 2020 excluded,Average Panel Size,Apr-Jun,-0.4134908939561365,0.4330285499524514,-1.262211256140545,0.435229468228272,0.3396376932704832,3911,0.3422002864556696,1.4827961830757703,0.22728690255410244,"F(3,66)"
E calendar 2020 excluded,Average Panel Size,Oct-Dec,0.4363408723064218,0.4876451650480546,-0.5194260884228555,1.3921078330356993,0.37089841944275137,3911,0.3422002864556696,1.4827961830757703,0.22728690255410244,"F(3,66)"
E calendar 2020 excluded,Number of Trials,Jan-Mar,2.4505296850694123,1.008768802257923,0.47337916391627544,4.427680206222549,0.015131002681358465,4151,0.8393003200614881,7.055334787224272,0.00034789887649199505,"F(3,66)"
E calendar 2020 excluded,Number of Trials,Apr-Jun,1.578887894024576,0.8611641125536453,-0.10896275135896616,3.2667385394081183,0.06673799820967341,4151,0.8393003200614881,7.055334787224272,0.00034789887649199505,"F(3,66)"
E calendar 2020 excluded,Number of Trials,Oct-Dec,-2.327727990509066,0.7669747887930923,-3.8309709535937415,-0.8244850274243907,0.002405777970650059,4151,0.8393003200614881,7.055334787224272,0.00034789887649199505,"F(3,66)"
I 2020-2021 excluded,Summoning Yield,Jan-Mar,1.4142258875969167,0.5365721560527072,0.36256378662660493,2.4658879885672285,0.00839719264819456,3676,0.41383132886205054,4.249229665418679,0.008322603022352937,"F(3,66)"
I 2020-2021 excluded,Summoning Yield,Apr-Jun,0.05952721438532199,0.4950965051756808,-0.9108441046306608,1.0298985334013049,0.9042981351254928,3676,0.41383132886205054,4.249229665418679,0.008322603022352937,"F(3,66)"
I 2020-2021 excluded,Summoning Yield,Oct-Dec,0.46359761693466606,0.48312185764602783,-0.48330382419563545,1.4104990580649677,0.33726294457502703,3676,0.41383132886205054,4.249229665418679,0.008322603022352937,"F(3,66)"
I 2020-2021 excluded,Juror Days / Trial,Jan-Mar,2.1997491630513664,3.8139820051702764,-5.275518204766234,9.675016530868966,0.564102143085304,3075,0.18894680588471313,0.19187037224424178,0.9015799375579565,"F(3,66)"
I 2020-2021 excluded,Juror Days / Trial,Apr-Jun,2.9389892785751988,4.147283079334656,-5.189536190613098,11.067514747763497,0.47853913706504714,3075,0.18894680588471313,0.19187037224424178,0.9015799375579565,"F(3,66)"
I 2020-2021 excluded,Juror Days / Trial,Oct-Dec,3.3248290836000716,4.973497872685257,-6.423047624049605,13.07270579124975,0.5038086113290593,3075,0.18894680588471313,0.19187037224424178,0.9015799375579565,"F(3,66)"
I 2020-2021 excluded,People Brought In / Trial,Jan-Mar,1.7617830569094701,3.5138981375798934,-5.125330738089493,8.648896851908432,0.6161067546214022,3075,0.18446358452465317,0.23512958650984261,0.8715743008589985,"F(3,66)"
I 2020-2021 excluded,People Brought In / Trial,Apr-Jun,2.6732489299847457,3.9769381158520667,-5.1214065458298865,10.467904405799377,0.5014642032242913,3075,0.18446358452465317,0.23512958650984261,0.8715743008589985,"F(3,66)"
I 2020-2021 excluded,People Brought In / Trial,Oct-Dec,3.2189102489806647,4.971481877458581,-6.5250151806317245,12.962835678593054,0.5173245668218409,3075,0.18446358452465317,0.23512958650984261,0.8715743008589985,"F(3,66)"
I 2020-2021 excluded,Percent to Voir Dire,Jan-Mar,-0.13120118918199258,0.8654487837282577,-1.827449635753372,1.5650472573893868,0.8795032048428575,3075,0.3647284618941714,0.5153189768072616,0.6731588276432997,"F(3,66)"
I 2020-2021 excluded,Percent to Voir Dire,Apr-Jun,-0.560787307794104,1.0321702017598222,-2.5838037291587965,1.4622291135705887,0.5869171035722743,3075,0.3647284618941714,0.5153189768072616,0.6731588276432997,"F(3,66)"
I 2020-2021 excluded,Percent to Voir Dire,Oct-Dec,0.6639892583948684,1.0170416566889657,-1.3293757594924545,2.6573542762821916,0.5138443560510046,3075,0.3647284618941714,0.5153189768072616,0.6731588276432997,"F(3,66)"
I 2020-2021 excluded,Average Panel Size,Jan-Mar,-0.04097046128102666,0.5881992289846447,-1.1938197658251586,1.1118788432631053,0.9444690119344638,3676,0.3596298043473126,0.6466326699665196,0.5878446577273767,"F(3,66)"
I 2020-2021 excluded,Average Panel Size,Apr-Jun,-0.4683823443994236,0.48648045074928176,-1.4218665070508274,0.4851018182519802,0.33564896716074544,3676,0.3596298043473126,0.6466326699665196,0.5878446577273767,"F(3,66)"
I 2020-2021 excluded,Average Panel Size,Oct-Dec,0.1400269946599757,0.4911938222240118,-0.8226952063276575,1.102749195647609,0.7755868141574174,3676,0.3596298043473126,0.6466326699665196,0.5878446577273767,"F(3,66)"
I 2020-2021 excluded,Number of Trials,Jan-Mar,3.318689361940835,1.217122740945898,0.933172624922201,5.704206098959469,0.0063977417594299375,3883,0.8613453735136041,7.102251026544381,0.00033059955763554657,"F(3,66)"
I 2020-2021 excluded,Number of Trials,Apr-Jun,1.7472607905123168,0.9576019771112424,-0.12960459615006759,3.624126177174701,0.06805822428235855,3883,0.8613453735136041,7.102251026544381,0.00033059955763554657,"F(3,66)"
I 2020-2021 excluded,Number of Trials,Oct-Dec,-2.7213499706904196,0.828928067942927,-4.346019129632928,-1.0966808117479119,0.0010271784189801929,3883,0.8613453735136041,7.102251026544381,0.00033059955763554657,"F(3,66)"
G 2008Q4-2019Q4,Summoning Yield,Jan-Mar,1.3960060735021043,0.5305970913542853,0.35605488414599606,2.4359572628582127,0.008513161589719622,2868,0.5082251620186591,5.427303276912583,0.002131202997538127,"F(3,66)"
G 2008Q4-2019Q4,Summoning Yield,Apr-Jun,-0.24840742240301616,0.4910208157246942,-1.2107905368828953,0.7139756920768631,0.6129268641480933,2868,0.5082251620186591,5.427303276912583,0.002131202997538127,"F(3,66)"
G 2008Q4-2019Q4,Summoning Yield,Oct-Dec,0.5370908248750292,0.48702271084128385,-0.4174561480269521,1.4916377977770106,0.2701120844131928,2868,0.5082251620186591,5.427303276912583,0.002131202997538127,"F(3,66)"
G 2008Q4-2019Q4,Juror Days / Trial,Jan-Mar,-0.632731383929419,2.5329461156146786,-5.5972145453148165,4.331751777455979,0.8027415787795575,2267,0.22383065259148072,0.030701316478934117,0.9926950492688283,"F(3,66)"
G 2008Q4-2019Q4,Juror Days / Trial,Apr-Jun,-0.7399628945470574,2.528541424876679,-5.695813020722938,4.215887231628824,0.7697941518738931,2267,0.22383065259148072,0.030701316478934117,0.9926950492688283,"F(3,66)"
G 2008Q4-2019Q4,Juror Days / Trial,Oct-Dec,-0.38510314977469295,2.1574399239502924,-4.613607699526099,3.843401399976713,0.8583302762981373,2267,0.22383065259148072,0.030701316478934117,0.9926950492688283,"F(3,66)"
G 2008Q4-2019Q4,People Brought In / Trial,Jan-Mar,-0.9255877347317653,2.041397200015313,-4.926652724902688,3.075477255439157,0.6502543021993099,2267,0.24185483720405165,0.08468827132507863,0.9681708416701799,"F(3,66)"
G 2008Q4-2019Q4,People Brought In / Trial,Apr-Jun,-0.8632364934052285,2.1484756202171367,-5.074171330693171,3.3476983438827146,0.6878384198921004,2267,0.24185483720405165,0.08468827132507863,0.9681708416701799,"F(3,66)"
G 2008Q4-2019Q4,People Brought In / Trial,Oct-Dec,-0.276774787763398,1.941097034898905,-4.08125506666274,3.527705491135944,0.886616533984749,2267,0.24185483720405165,0.08468827132507863,0.9681708416701799,"F(3,66)"
G 2008Q4-2019Q4,Percent to Voir Dire,Jan-Mar,0.2351742445382933,0.8717606008596235,-1.473445136287566,1.9437936253641528,0.7873377447088559,2267,0.46539522525244137,0.3028208677313659,0.8232428629969604,"F(3,66)"
G 2008Q4-2019Q4,Percent to Voir Dire,Apr-Jun,-0.44537250690234054,1.245830017896306,-2.887154472837991,1.9964094590333104,0.7207245702590663,2267,0.46539522525244137,0.3028208677313659,0.8232428629969604,"F(3,66)"
G 2008Q4-2019Q4,Percent to Voir Dire,Oct-Dec,0.40353224255845954,1.0656955638754582,-1.6851926811215432,2.4922571662384625,0.7049431757896807,2267,0.46539522525244137,0.3028208677313659,0.8232428629969604,"F(3,66)"
G 2008Q4-2019Q4,Average Panel Size,Jan-Mar,0.05526933865078233,0.6445588303894877,-1.2080427548298749,1.3185814321314395,0.9316671041894368,2868,0.3650704220844154,0.9852052640211966,0.40522870177196824,"F(3,66)"
G 2008Q4-2019Q4,Average Panel Size,Apr-Jun,-0.4723324094930126,0.5549771223202468,-1.5600675814843763,0.6154027624983511,0.3947224321501387,2868,0.3650704220844154,0.9852052640211966,0.40522870177196824,"F(3,66)"
G 2008Q4-2019Q4,Average Panel Size,Oct-Dec,0.31761418154367327,0.6254080724940392,-0.9081631161852588,1.5433914792726053,0.6115577658704083,2868,0.3650704220844154,0.9852052640211966,0.40522870177196824,"F(3,66)"
G 2008Q4-2019Q4,Number of Trials,Jan-Mar,4.029922378432659,1.5413914847810652,1.0088505821850529,7.050994174680266,0.008936590927230616,3013,0.878908440703077,6.643316363354298,0.0005460889692576172,"F(3,66)"
G 2008Q4-2019Q4,Number of Trials,Apr-Jun,1.926801618595563,1.1552025713865637,-0.3373538161701628,4.190957053361289,0.0953288339858833,3013,0.878908440703077,6.643316363354298,0.0005460889692576172,"F(3,66)"
G 2008Q4-2019Q4,Number of Trials,Oct-Dec,-2.5019636459906325,0.9608898976700406,-4.385273238532291,-0.6186540534489748,0.009219695149816265,3013,0.878908440703077,6.643316363354298,0.0005460889692576172,"F(3,66)"
H 2021-2025,Summoning Yield,Jan-Mar,0.6325014638965322,1.4419517640831534,-2.193672061150445,3.4586749889435096,0.6609205279504349,1043,0.5739961961906834,0.20736965037763042,0.8909506945202204,"F(3,66)"
H 2021-2025,Summoning Yield,Apr-Jun,-0.1860134779269762,1.1404054003254898,-2.4211669903399184,2.049140034485966,0.870430477965318,1043,0.5739961961906834,0.20736965037763042,0.8909506945202204,"F(3,66)"
H 2021-2025,Summoning Yield,Oct-Dec,-0.07116434408941835,1.074742304309718,-2.1776205531980524,2.0352918650192158,0.9472064455095314,1043,0.5739961961906834,0.20736965037763042,0.8909506945202204,"F(3,66)"
H 2021-2025,Juror Days / Trial,Jan-Mar,7.449486144768096,10.497008220264618,-13.124271912371448,28.023244201907637,0.47790440833409564,1043,0.4386832938080165,0.6038243785553242,0.6148299553096144,"F(3,66)"
H 2021-2025,Juror Days / Trial,Apr-Jun,11.4801355640615,12.104615905848258,-12.244475658091767,35.20474678621477,0.3429209053883061,1043,0.4386832938080165,0.6038243785553242,0.6148299553096144,"F(3,66)"
H 2021-2025,Juror Days / Trial,Oct-Dec,14.790290100074495,13.31165820800031,-11.300080562113108,40.880660762262096,0.2665347920565635,1043,0.4386832938080165,0.6038243785553242,0.6148299553096144,"F(3,66)"
H 2021-2025,People Brought In / Trial,Jan-Mar,7.806379006359355,10.251009756323,-12.285230921202443,27.897988933921155,0.4463447870955608,1043,0.44063167887167454,0.40007842780946173,0.7533896525122338,"F(3,66)"
H 2021-2025,People Brought In / Trial,Apr-Jun,10.789131791012181,11.966509431927447,-12.664795716224475,34.24305929824884,0.36726375629365215,1043,0.44063167887167454,0.40007842780946173,0.7533896525122338,"F(3,66)"
H 2021-2025,People Brought In / Trial,Oct-Dec,12.864775838661155,13.201192306736909,-13.009085635530424,38.73863731285273,0.32980029660540844,1043,0.44063167887167454,0.40007842780946173,0.7533896525122338,"F(3,66)"
H 2021-2025,Percent to Voir Dire,Jan-Mar,-0.17067440826288344,1.8217183901254592,-3.741176842883071,3.399828026357304,0.9253564553784456,1043,0.4180955520348866,2.0017898976892554,0.12225307941692488,"F(3,66)"
H 2021-2025,Percent to Voir Dire,Apr-Jun,1.8333928156848764,1.5997291601406138,-1.302018723209235,4.968804354578988,0.25176846095373084,1043,0.4180955520348866,2.0017898976892554,0.12225307941692488,"F(3,66)"
H 2021-2025,Percent to Voir Dire,Oct-Dec,3.1994830391011204,1.882483386038997,-0.4901165990303249,6.889082677232565,0.08920476292313106,1043,0.4180955520348866,2.0017898976892554,0.12225307941692488,"F(3,66)"
H 2021-2025,Average Panel Size,Jan-Mar,-1.5022323120986383,1.2096832957024577,-3.8731680043751715,0.868703380177895,0.21429584270281377,1043,0.41969949888618374,0.8832475633306122,0.4544424114940463,"F(3,66)"
H 2021-2025,Average Panel Size,Apr-Jun,-0.11264059692187255,0.8190795657616672,-1.7180070462874468,1.492725852443702,0.8906190373371405,1043,0.41969949888618374,0.8832475633306122,0.4544424114940463,"F(3,66)"
H 2021-2025,Average Panel Size,Oct-Dec,0.9114257240872202,0.9247642163476395,-0.9010788341455599,2.7239302823200005,0.32434105714605455,1043,0.41969949888618374,0.8832475633306122,0.4544424114940463,"F(3,66)"
H 2021-2025,Number of Trials,Jan-Mar,-1.9908879069910848,1.1702454978698047,-4.2845269358860465,0.302751121903877,0.08889480889021671,1138,0.8458404719890291,3.367799685484805,0.02364351714935214,"F(3,66)"
H 2021-2025,Number of Trials,Apr-Jun,0.5240374661432268,0.8901240887802596,-1.2205736896376156,2.2686486219240694,0.556046396183886,1138,0.8458404719890291,3.367799685484805,0.02364351714935214,"F(3,66)"
H 2021-2025,Number of Trials,Oct-Dec,-1.3415534604891468,0.8344883071243568,-2.9771204879726856,0.29401356699439196,0.10791491861149469,1138,0.8458404719890291,3.367799685484805,0.02364351714935214,"F(3,66)"
J 2022-2025,Summoning Yield,Jan-Mar,1.807819305245396,1.3384476407009753,-0.8154898657211223,4.431128476211914,0.17679680137366327,808,0.6420474848265341,1.18631555854806,0.3217637758868655,"F(3,66)"
J 2022-2025,Summoning Yield,Apr-Jun,1.4113271634332722,1.0220176422445424,-0.5917906069305725,3.414444933797117,0.1673027892362119,808,0.6420474848265341,1.18631555854806,0.3217637758868655,"F(3,66)"
J 2022-2025,Summoning Yield,Oct-Dec,-0.16000741116659534,0.9155348355499634,-1.9544227154363245,1.634407893103134,0.8612608873326535,808,0.6420474848265341,1.18631555854806,0.3217637758868655,"F(3,66)"
J 2022-2025,Juror Days / Trial,Jan-Mar,8.088164156557617,9.813174349908923,-11.145304143276132,27.321632456391367,0.4098174830719986,808,0.49483906549485634,0.2641956054495582,0.8509515901174671,"F(3,66)"
J 2022-2025,Juror Days / Trial,Apr-Jun,11.23946522883171,12.627840096195834,-13.510646562242938,35.989577019906356,0.3734366514082693,808,0.49483906549485634,0.2641956054495582,0.8509515901174671,"F(3,66)"
J 2022-2025,Juror Days / Trial,Oct-Dec,12.310054943981882,17.441377083425802,-21.874415980314943,46.49452586827871,0.4803149827068727,808,0.49483906549485634,0.2641956054495582,0.8509515901174671,"F(3,66)"
J 2022-2025,People Brought In / Trial,Jan-Mar,7.496294771398069,9.48847757568862,-11.10077954506755,26.09336908786369,0.42950330377662915,808,0.5009833233559233,0.24924301685618463,0.8615946511759982,"F(3,66)"
J 2022-2025,People Brought In / Trial,Apr-Jun,10.69179521893801,12.400233782868524,-13.612216395361168,34.99580683323719,0.38856355327523917,808,0.5009833233559233,0.24924301685618463,0.8615946511759982,"F(3,66)"
J 2022-2025,People Brought In / Trial,Oct-Dec,11.619201467407855,17.505357152150125,-22.690668087317036,45.929071022132746,0.506849576595565,808,0.5009833233559233,0.24924301685618463,0.8615946511759982,"F(3,66)"
J 2022-2025,Percent to Voir Dire,Jan-Mar,-0.7159423922637373,2.074058929855495,-4.781023196594193,3.3491384120667185,0.7299522645361962,808,0.4964726344715318,0.27461761817415786,0.8434999038415171,"F(3,66)"
J 2022-2025,Percent to Voir Dire,Apr-Jun,-0.30807661497381456,2.080899129760763,-4.386563964765651,3.7704107348180216,0.882303498774878,808,0.4964726344715318,0.27461761817415786,0.8434999038415171,"F(3,66)"
J 2022-2025,Percent to Voir Dire,Oct-Dec,1.6641531247728942,2.3660695692519433,-2.9732580158771142,6.301564265422902,0.4818434266539997,808,0.4964726344715318,0.27461761817415786,0.8434999038415171,"F(3,66)"
J 2022-2025,Average Panel Size,Jan-Mar,-0.0033064176177765026,1.476587040927183,-2.8973638378736264,2.890751002638073,0.9982133546543491,808,0.4914628858643293,0.14386487809131956,0.9332540262132412,"F(3,66)"
J 2022-2025,Average Panel Size,Apr-Jun,-0.16691355510770145,1.2481976569114526,-2.613336008241431,2.2795088980260285,0.8936210977414054,808,0.4914628858643293,0.14386487809131956,0.9332540262132412,"F(3,66)"
J 2022-2025,Average Panel Size,Oct-Dec,-0.5124935813872926,0.8284976663865143,-2.136319168780342,1.1113320060057565,0.5361918917463486,808,0.4914628858643293,0.14386487809131956,0.9332540262132412,"F(3,66)"
J 2022-2025,Number of Trials,Jan-Mar,0.8043595822219753,1.4372721286453132,-2.012642025906058,3.6213611903500085,0.575722828069734,870,0.9145805148504417,7.591186701279515,0.0001950861689943396,"F(3,66)"
J 2022-2025,Number of Trials,Apr-Jun,1.182469034958248,1.1029366201207964,-0.9792470177088481,3.3441850876253443,0.2836707682256092,870,0.9145805148504417,7.591186701279515,0.0001950861689943396,"F(3,66)"
J 2022-2025,Number of Trials,Oct-Dec,-3.139590329152413,1.0764904647902216,-5.24947286984203,-1.0297077884627956,0.003539765160372999,870,0.9145805148504417,7.591186701279515,0.0001950861689943396,"F(3,66)"
