exposure,sample,outcome,term,coef,se,ci_lo,ci_hi,p,n,jointF,jointF_p,df
winter_peak,full corrected,Summoning Yield,"g:C(q, Treatment(reference=3))[T.1]",2.4920579763283697,1.5718133292171312,-0.5886395393572066,5.572755492013946,0.1128602959859953,4039,1.4483644641362845,0.23673115758202534,"F(3,66)"
winter_peak,full corrected,Summoning Yield,"g:C(q, Treatment(reference=3))[T.2]",0.7250120391504626,1.2319719772355378,-1.6896086661937908,3.1396327444947163,0.5561986235661699,4039,1.4483644641362845,0.23673115758202534,"F(3,66)"
winter_peak,full corrected,Summoning Yield,"g:C(q, Treatment(reference=3))[T.4]",1.4392152180869457,1.241077255848098,-0.9932515054071285,3.87168194158102,0.24619134211068083,4039,1.4483644641362845,0.23673115758202534,"F(3,66)"
winter_peak,full corrected,Number of Trials,"g:C(q, Treatment(reference=3))[T.1]",-1.8172406815689435,2.650343817694118,-7.011819110897806,3.3773377477599187,0.4929261226372401,4039,0.35021970634533434,0.7891024265143272,"F(3,66)"
winter_peak,full corrected,Number of Trials,"g:C(q, Treatment(reference=3))[T.2]",-1.2963898901603401,2.540116130616364,-6.274926022717654,3.6821462423969735,0.6097948015467238,4039,0.35021970634533434,0.7891024265143272,"F(3,66)"
winter_peak,full corrected,Number of Trials,"g:C(q, Treatment(reference=3))[T.4]",-1.3871485801890437,1.997063888797582,-5.301321877057807,2.5270247166797204,0.48730977802567177,4039,0.35021970634533434,0.7891024265143272,"F(3,66)"
winter_peak,2020 Q2-Q3 excluded,Summoning Yield,"g:C(q, Treatment(reference=3))[T.1]",2.250754396222192,1.4936250386228345,-0.6766968858858107,5.178205678330195,0.13183443340699347,4021,1.4119813362209552,0.24711662249248775,"F(3,66)"
winter_peak,2020 Q2-Q3 excluded,Summoning Yield,"g:C(q, Treatment(reference=3))[T.2]",0.4842202107097818,1.1441358928080279,-1.7582449326135325,2.726685354033096,0.6721353821010148,4021,1.4119813362209552,0.24711662249248775,"F(3,66)"
winter_peak,2020 Q2-Q3 excluded,Summoning Yield,"g:C(q, Treatment(reference=3))[T.4]",1.203303856873233,1.154696655666722,-1.05986000130239,3.4664677150488563,0.29736753793633297,4021,1.4119813362209552,0.24711662249248775,"F(3,66)"
winter_peak,2020 Q2-Q3 excluded,Number of Trials,"g:C(q, Treatment(reference=3))[T.1]",-1.8686438777014074,2.6810880263597565,-7.123479848748105,3.386192093345291,0.4858201782756495,4021,0.35264000039858395,0.7873613649511578,"F(3,66)"
winter_peak,2020 Q2-Q3 excluded,Number of Trials,"g:C(q, Treatment(reference=3))[T.2]",-1.348681423483304,2.5886579416266104,-6.4223577573650505,3.724994910398442,0.6023692913044424,4021,0.35264000039858395,0.7873613649511578,"F(3,66)"
winter_peak,2020 Q2-Q3 excluded,Number of Trials,"g:C(q, Treatment(reference=3))[T.4]",-1.4447983411277199,2.0976298839752054,-5.556077366614055,2.6664806843586146,0.4909638748752887,4021,0.35264000039858395,0.7873613649511578,"F(3,66)"
winter_peak,pre-2020,Summoning Yield,"g:C(q, Treatment(reference=3))[T.1]",2.452284513487472,4603.0825659325665,-9019.423762578563,9024.328331605537,0.9995749283591103,2868,1.0779926037997847,0.3645637602044643,"F(3,66)"
winter_peak,pre-2020,Summoning Yield,"g:C(q, Treatment(reference=3))[T.2]",1.410077486066426,,,,,2868,1.0779926037997847,0.3645637602044643,"F(3,66)"
winter_peak,pre-2020,Summoning Yield,"g:C(q, Treatment(reference=3))[T.4]",1.2429699348390242,,,,,2868,1.0779926037997847,0.3645637602044643,"F(3,66)"
winter_peak,pre-2020,Number of Trials,"g:C(q, Treatment(reference=3))[T.1]",-3.0864905112435816,20910.607907152942,-40987.124883369484,40980.95190234699,0.9998822290041505,2868,0.27700408809452315,0.8417904208092082,"F(3,66)"
winter_peak,pre-2020,Number of Trials,"g:C(q, Treatment(reference=3))[T.2]",-1.8944471691242981,30164.960993722594,-59124.131589920966,59120.34269558272,0.9999498905320374,2868,0.27700408809452315,0.8417904208092082,"F(3,66)"
winter_peak,pre-2020,Number of Trials,"g:C(q, Treatment(reference=3))[T.4]",-1.5756936391567153,,,,,2868,0.27700408809452315,0.8417904208092082,"F(3,66)"
summer_peak,full corrected,Summoning Yield,"g:C(q, Treatment(reference=3))[T.1]",-0.4997138797944069,1.108974215066596,-2.6732634011085112,1.6738356415196973,0.6522713024090859,4039,0.29165065117007494,0.8312781142019776,"F(3,66)"
summer_peak,full corrected,Summoning Yield,"g:C(q, Treatment(reference=3))[T.2]",-1.062443556098026,1.1810274316044,-3.3772147867964923,1.25232767460044,0.36833708848377966,4039,0.29165065117007494,0.8312781142019776,"F(3,66)"
summer_peak,full corrected,Summoning Yield,"g:C(q, Treatment(reference=3))[T.4]",-0.2229899446303484,1.3563178444231792,-2.8813240712887795,2.435344182028083,0.8694097105450578,4039,0.29165065117007494,0.8312781142019776,"F(3,66)"
summer_peak,full corrected,Number of Trials,"g:C(q, Treatment(reference=3))[T.1]",-3.3364508883874278,1.4919370323627343,-6.260593739019956,-0.41230803775489955,0.02533071793854676,4039,4.995801470911959,0.0034934316955323227,"F(3,66)"
summer_peak,full corrected,Number of Trials,"g:C(q, Treatment(reference=3))[T.2]",-2.5338789129206725,1.3320421881631543,-5.144633627608381,0.07687580176703612,0.05713831606625968,4039,4.995801470911959,0.0034934316955323227,"F(3,66)"
summer_peak,full corrected,Number of Trials,"g:C(q, Treatment(reference=3))[T.4]",2.5330182728501978,1.1560937679810133,0.2671161248562064,4.798920420844189,0.028450739178450826,4039,4.995801470911959,0.0034934316955323227,"F(3,66)"
summer_peak,2020 Q2-Q3 excluded,Summoning Yield,"g:C(q, Treatment(reference=3))[T.1]",0.05579311897993127,1.12498429141665,-2.1491355753700154,2.260721813329878,0.9604454690112041,4021,0.12965154918793118,0.9421504948513337,"F(3,66)"
summer_peak,2020 Q2-Q3 excluded,Summoning Yield,"g:C(q, Treatment(reference=3))[T.2]",-0.504934883580202,1.2049265817124117,-2.866547587751487,1.8566778205910834,0.67517328360101,4021,0.12965154918793118,0.9421504948513337,"F(3,66)"
summer_peak,2020 Q2-Q3 excluded,Summoning Yield,"g:C(q, Treatment(reference=3))[T.4]",0.33322707295651827,1.3226244720324267,-2.2590692572983424,2.9255234032113786,0.8010844818777645,4021,0.12965154918793118,0.9421504948513337,"F(3,66)"
summer_peak,2020 Q2-Q3 excluded,Number of Trials,"g:C(q, Treatment(reference=3))[T.1]",-3.0521215132274704,1.5067626896080848,-6.005322118108021,-0.09892090834692002,0.04280422543670705,4021,5.061389328188329,0.00323944725815789,"F(3,66)"
summer_peak,2020 Q2-Q3 excluded,Number of Trials,"g:C(q, Treatment(reference=3))[T.2]",-2.249308657484313,1.3529665756337135,-4.901074418012879,0.40245710304425275,0.09641230785484592,4021,5.061389328188329,0.00323944725815789,"F(3,66)"
summer_peak,2020 Q2-Q3 excluded,Number of Trials,"g:C(q, Treatment(reference=3))[T.4]",2.8216448315296225,1.20756116190718,0.4548684450622087,5.188421217997036,0.01945751780567244,4021,5.061389328188329,0.00323944725815789,"F(3,66)"
summer_peak,pre-2020,Summoning Yield,"g:C(q, Treatment(reference=3))[T.1]",-0.25510265855105163,20463.39010582413,-40107.762711667136,40107.252506350036,0.9999900533356585,2868,0.1110648119237665,0.9533448346281325,"F(3,66)"
summer_peak,pre-2020,Summoning Yield,"g:C(q, Treatment(reference=3))[T.2]",-0.6690724651163826,18434.0516183919,-36130.746333665535,36129.408188735295,0.9999710404092975,2868,0.1110648119237665,0.9533448346281325,"F(3,66)"
summer_peak,pre-2020,Summoning Yield,"g:C(q, Treatment(reference=3))[T.4]",-0.08942579719268551,144315.39268508137,-282853.06150331185,282852.8826517175,0.9999995055866073,2868,0.1110648119237665,0.9533448346281325,"F(3,66)"
summer_peak,pre-2020,Number of Trials,"g:C(q, Treatment(reference=3))[T.1]",-4.52764450685294,48809.455928881915,-95669.30337011043,95660.24808109671,0.9999259869307107,2868,2.484715178322495,0.06831742865827176,"F(3,66)"
summer_peak,pre-2020,Number of Trials,"g:C(q, Treatment(reference=3))[T.2]",-1.937838875641981,53441.5921062252,-104745.5336435571,104741.6579658058,0.9999710680079144,2868,2.484715178322495,0.06831742865827176,"F(3,66)"
summer_peak,pre-2020,Number of Trials,"g:C(q, Treatment(reference=3))[T.4]",2.4278760568122157,288019.6286876835,-564505.6711924023,564510.5269445158,0.9999932741916582,2868,2.484715178322495,0.06831742865827176,"F(3,66)"
