County,peak_month,trough_month,amplitude,phase
Alachua,10,7,0.08324244738926789,other
Baker,6,1,0.06197829781688802,summer_peak
Bay,7,1,0.2932442207893723,summer_peak
Bradford,5,1,0.0329622440895887,flat
Brevard,3,1,0.0381663619560183,flat
Broward,3,9,0.0456704847958922,flat
Calhoun,3,9,0.08013357421803036,winter_peak
Charlotte,3,9,0.14243683078661695,winter_peak
Citrus,3,1,0.04271823018403598,flat
Clay,7,1,0.03874797147824183,flat
Collier,3,9,0.19631498914013734,winter_peak
Columbia,3,10,0.03629768069953976,flat
DeSoto,3,7,0.08920780400290684,winter_peak
Dixie,5,1,0.07547623154908922,other
Duval,12,1,0.042488326747025185,flat
Escambia,6,1,0.09227379951223658,summer_peak
Flagler,6,1,0.058713956241495224,flat
Franklin,6,1,0.2706869965642744,summer_peak
Gadsden,6,1,0.05435759878019508,flat
Gilchrist,6,1,0.19964437179020067,summer_peak
Glades,12,9,0.18109394524590228,winter_peak
Gulf,7,1,0.30023569371944603,summer_peak
Hamilton,11,1,0.07315704991260907,other
Hardee,12,7,0.0919304108351523,winter_peak
Hendry,3,7,0.11282146546439664,winter_peak
Hernando,3,8,0.045462571658817064,flat
Highlands,3,8,0.11546875434991477,winter_peak
Hillsborough,3,1,0.04094485047942065,flat
Holmes,6,1,0.08249266028906932,summer_peak
Indian River,3,9,0.1384370030812857,winter_peak
Jackson,5,7,0.04872659892749265,flat
Jefferson,7,1,0.1545562981540164,summer_peak
Lafayette,8,4,0.08707983347510884,summer_peak
Lake,3,9,0.04871592780957601,flat
Lee,3,9,0.15925089933040382,winter_peak
Leon,11,6,0.1160627360812535,other
Levy,3,9,0.06714509530546131,winter_peak
Liberty,11,4,0.13278358050520822,other
Madison,8,1,0.1120081859130887,summer_peak
Manatee,3,9,0.08083130851689835,winter_peak
Marion,3,9,0.05512481853207174,flat
Martin,3,9,0.11969626886677909,winter_peak
Miami-Dade,3,7,0.044690133633718765,flat
Monroe,3,9,0.1123549922080237,winter_peak
Nassau,7,1,0.11773921237890872,summer_peak
Okaloosa,6,1,0.2155944942258884,summer_peak
Okeechobee,3,9,0.07339586838083456,winter_peak
Orange,12,5,0.06001374635172063,winter_peak
Osceola,12,1,0.03320256619291595,flat
Palm Beach,3,9,0.10539194453967726,winter_peak
Pasco,3,1,0.0280583296489485,flat
Pinellas,3,1,0.05326192005862751,flat
Polk,3,1,0.04569739236670378,flat
Putnam,5,1,0.0458359080381987,flat
Santa Rosa,8,1,0.10518135199364764,summer_peak
Sarasota,3,9,0.12180719881377311,winter_peak
Seminole,12,4,0.033920194706232976,flat
St. Johns,7,1,0.07582917567393932,summer_peak
St. Lucie,3,9,0.07066575097212002,winter_peak
Sumter,3,7,0.07542125020912771,winter_peak
Suwannee,11,1,0.10305969304598239,other
Taylor,7,1,0.11101175511112404,summer_peak
Union,5,1,0.07356101853900765,other
Volusia,3,1,0.07398746078004725,winter_peak
Wakulla,6,1,0.09472795705379677,summer_peak
Walton,7,1,0.3216951024232654,summer_peak
Washington,5,1,0.10594528324727703,other
