outcome,term,coef,se,ci_lo,ci_hi,p,n,counties
Summoning Yield,Jan-Mar,2.0869337289400787,1.7372772951926003,-1.3180672007965781,5.491934658676735,0.22964768172898353,2264,38
Summoning Yield,Apr-Jun,1.3387521548951566,1.5393936203538503,-1.678403899029115,4.355908208819429,0.3844851374160272,2264,38
Summoning Yield,Oct-Dec,1.1577835947843058,1.6650677687093505,-2.10568926370449,4.421256453273101,0.4868439935273916,2264,38
Number of Trials,Jan-Mar,2.1442796649860365,2.6226702420050487,-2.996059552668807,7.2846188826408795,0.41358900873166604,2505,38
Number of Trials,Apr-Jun,0.4912684605042945,2.2950501979403657,-4.006947270170345,4.989484191178933,0.8305036608090776,2505,38
Number of Trials,Oct-Dec,-2.1401143271301653,1.8383312831328484,-5.743177433723853,1.4629487794635225,0.24435860827696987,2505,38
Average Panel Size,Jan-Mar,0.781726864108558,1.8115842239003501,-2.7689129696970736,4.332366697914189,0.66609350779318,2264,38
Average Panel Size,Apr-Jun,0.8067568571363194,1.5995828533361458,-2.328367925690342,3.9418816399629804,0.6140122650325819,2264,38
Average Panel Size,Oct-Dec,-0.6637536117677995,1.57644564444439,-3.753530298463839,2.4260230749282403,0.6737226598873992,2264,38
Percent to Voir Dire,Jan-Mar,0.09894370450226475,1.6884001207512542,-3.2102597236632717,3.4081471326678012,0.9532690796172112,1924,38
Percent to Voir Dire,Apr-Jun,0.5941293602996183,2.953271304582005,-5.194176033256731,6.382434753855968,0.8405604136999734,1924,38
Percent to Voir Dire,Oct-Dec,-4.084883628188754,3.3018990766221052,-10.556486898954141,2.386719642576633,0.21603823661170307,1924,38
Juror Days / Trial,Jan-Mar,7.647769543596856,10.050821894583494,-12.051479384813426,27.347018472007136,0.4467109051134184,1924,38
Juror Days / Trial,Apr-Jun,0.7935112477026749,13.360800286182352,-25.393176117847183,26.980198613252533,0.9526406838760836,1924,38
Juror Days / Trial,Oct-Dec,13.70528345622562,11.485836027726187,-8.806541490450302,36.217108402901545,0.23277796775083626,1924,38
People Brought In / Trial,Jan-Mar,8.21665731848648,9.244853133338365,-9.902921865218985,26.336236502191944,0.37412035258903764,1924,38
People Brought In / Trial,Apr-Jun,-1.6270258717521786,12.625164179605003,-26.371892962683162,23.117841219178807,0.8974592012996327,1924,38
People Brought In / Trial,Oct-Dec,11.416414467759402,11.280571789086306,-10.69309996386832,33.525928899387125,0.3115178860309128,1924,38
