sample,outcome,term,old,new,d,old_n,new_n,old_p,new_p
B,Summoning Yield,Jan-Mar,3.095,2.992,-0.103,4396,4421,0.0,0.0
B,Summoning Yield,Apr-Jun,-0.627,-0.64,-0.013,4396,4421,0.2911,0.2891
B,Summoning Yield,Oct-Dec,1.33,1.352,0.022,4396,4421,0.0444,0.04
B,Juror Days / Trial,Jan-Mar,5.012,5.545,0.533,4396,4421,0.0145,0.0269
B,Juror Days / Trial,Apr-Jun,5.365,2.099,-3.266,4396,4421,0.3488,0.4478
B,Juror Days / Trial,Oct-Dec,7.388,7.549,0.161,4396,4421,0.0261,0.0339
B,People Brought In / Trial,Jan-Mar,3.891,4.447,0.556,4396,4421,0.0332,0.0559
B,People Brought In / Trial,Apr-Jun,4.973,1.708,-3.265,4396,4421,0.381,0.5178
B,People Brought In / Trial,Oct-Dec,6.661,6.845,0.184,4396,4421,0.0416,0.0522
B,Percent to Voir Dire,Jan-Mar,3.222,3.173,-0.049,4396,4421,0.0001,0.0
B,Percent to Voir Dire,Apr-Jun,0.605,0.355,-0.25,4396,4421,0.5103,0.6971
B,Percent to Voir Dire,Oct-Dec,2.192,2.461,0.269,4396,4421,0.033,0.0233
B,Average Panel Size,Jan-Mar,1.267,1.225,-0.042,4396,4421,0.0166,0.0192
B,Average Panel Size,Apr-Jun,-0.293,-0.36,-0.067,4396,4421,0.51,0.413
B,Average Panel Size,Oct-Dec,1.331,1.348,0.017,4396,4421,0.0109,0.0126
B,Number of Trials,Jan-Mar,3.646,3.649,0.003,4396,4421,0.0018,0.0015
B,Number of Trials,Apr-Jun,1.454,1.456,0.002,4396,4421,0.072,0.0722
B,Number of Trials,Oct-Dec,-1.971,-1.908,0.063,4396,4421,0.0064,0.0078
F,Summoning Yield,Jan-Mar,1.81,1.717,-0.093,4262,4287,0.003,0.005
F,Summoning Yield,Apr-Jun,0.148,0.139,-0.009,4262,4287,0.8059,0.8209
F,Summoning Yield,Oct-Dec,0.016,0.045,0.029,4262,4287,0.9816,0.9473
F,Juror Days / Trial,Jan-Mar,1.367,1.954,0.587,4262,4287,0.5422,0.4729
F,Juror Days / Trial,Apr-Jun,6.191,2.72,-3.471,4262,4287,0.3094,0.3522
F,Juror Days / Trial,Oct-Dec,3.687,3.904,0.217,4262,4287,0.2752,0.2859
F,People Brought In / Trial,Jan-Mar,0.65,1.255,0.605,4262,4287,0.7474,0.621
F,People Brought In / Trial,Apr-Jun,5.727,2.256,-3.471,4262,4287,0.3432,0.4203
F,People Brought In / Trial,Oct-Dec,3.367,3.605,0.238,4262,4287,0.3128,0.3212
F,Percent to Voir Dire,Jan-Mar,1.971,1.942,-0.029,4262,4287,0.0185,0.0162
F,Percent to Voir Dire,Apr-Jun,1.754,1.492,-0.262,4262,4287,0.0665,0.1172
F,Percent to Voir Dire,Oct-Dec,0.906,1.192,0.286,4262,4287,0.4114,0.3047
F,Average Panel Size,Jan-Mar,0.114,0.082,-0.032,4262,4287,0.8365,0.881
F,Average Panel Size,Apr-Jun,-0.031,-0.098,-0.067,4262,4287,0.946,0.8299
F,Average Panel Size,Oct-Dec,0.161,0.186,0.025,4262,4287,0.7647,0.739
F,Number of Trials,Jan-Mar,2.845,2.858,0.013,4262,4287,0.0086,0.0074
F,Number of Trials,Apr-Jun,1.597,1.602,0.005,4262,4287,0.0639,0.0635
F,Number of Trials,Oct-Dec,-2.783,-2.711,0.072,4262,4287,0.0006,0.0007
E,Summoning Yield,Jan-Mar,1.501,1.403,-0.098,4128,4153,0.0168,0.0257
E,Summoning Yield,Apr-Jun,0.138,0.128,-0.01,4128,4153,0.8176,0.8341
E,Summoning Yield,Oct-Dec,0.325,0.356,0.031,4128,4153,0.6387,0.6059
E,Juror Days / Trial,Jan-Mar,1.116,1.706,0.59,4128,4153,0.6066,0.5183
E,Juror Days / Trial,Apr-Jun,6.184,2.712,-3.472,4128,4153,0.3098,0.3534
E,Juror Days / Trial,Oct-Dec,3.947,4.149,0.202,4128,4153,0.2558,0.2673
E,People Brought In / Trial,Jan-Mar,0.602,1.21,0.608,4128,4153,0.7541,0.6205
E,People Brought In / Trial,Apr-Jun,5.725,2.255,-3.47,4128,4153,0.3432,0.4203
E,People Brought In / Trial,Oct-Dec,3.425,3.65,0.225,4128,4153,0.3197,0.3274
E,Percent to Voir Dire,Jan-Mar,1.427,1.388,-0.039,4128,4153,0.0806,0.0771
E,Percent to Voir Dire,Apr-Jun,1.738,1.474,-0.264,4128,4153,0.069,0.1217
E,Percent to Voir Dire,Oct-Dec,1.448,1.741,0.293,4128,4153,0.2051,0.1465
E,Average Panel Size,Jan-Mar,-0.243,-0.278,-0.035,4128,4153,0.6619,0.6131
E,Average Panel Size,Apr-Jun,-0.042,-0.11,-0.068,4128,4153,0.9279,0.8095
E,Average Panel Size,Oct-Dec,0.518,0.542,0.024,4128,4153,0.3598,0.3543
E,Number of Trials,Jan-Mar,2.446,2.461,0.015,4128,4153,0.017,0.0148
E,Number of Trials,Apr-Jun,1.586,1.589,0.003,4128,4153,0.0655,0.0654
E,Number of Trials,Oct-Dec,-2.388,-2.318,0.07,4128,4153,0.002,0.0025
I,Summoning Yield,Jan-Mar,1.975,1.864,-0.111,3860,3885,0.0009,0.0017
I,Summoning Yield,Apr-Jun,0.466,0.454,-0.012,3860,3885,0.4433,0.4638
I,Summoning Yield,Oct-Dec,0.34,0.373,0.033,3860,3885,0.6171,0.5815
I,Juror Days / Trial,Jan-Mar,1.78,2.38,0.6,3860,3885,0.457,0.4106
I,Juror Days / Trial,Apr-Jun,6.445,2.729,-3.716,3860,3885,0.3285,0.391
I,Juror Days / Trial,Oct-Dec,2.726,2.959,0.233,3860,3885,0.4494,0.4483
I,People Brought In / Trial,Jan-Mar,0.989,1.611,0.622,3860,3885,0.6416,0.5478
I,People Brought In / Trial,Apr-Jun,6.06,2.345,-3.715,3860,3885,0.3548,0.4438
I,People Brought In / Trial,Oct-Dec,2.526,2.781,0.255,3860,3885,0.4833,0.4782
I,Percent to Voir Dire,Jan-Mar,1.531,1.489,-0.042,3860,3885,0.0592,0.0569
I,Percent to Voir Dire,Apr-Jun,1.204,0.922,-0.282,3860,3885,0.2416,0.3629
I,Percent to Voir Dire,Oct-Dec,1.04,1.358,0.318,3860,3885,0.3845,0.2797
I,Average Panel Size,Jan-Mar,0.237,0.194,-0.043,3860,3885,0.6836,0.7336
I,Average Panel Size,Apr-Jun,-0.078,-0.15,-0.072,3860,3885,0.8812,0.7723
I,Average Panel Size,Oct-Dec,0.23,0.259,0.029,3860,3885,0.6916,0.668
I,Number of Trials,Jan-Mar,3.319,3.328,0.009,3860,3885,0.0073,0.0063
I,Number of Trials,Apr-Jun,1.751,1.756,0.005,3860,3885,0.0675,0.0669
I,Number of Trials,Oct-Dec,-2.791,-2.712,0.079,3860,3885,0.0008,0.0011
G,Summoning Yield,Jan-Mar,1.944,1.918,-0.026,3015,3015,0.0009,0.0012
G,Summoning Yield,Apr-Jun,0.4,0.388,-0.012,3015,3015,0.5534,0.5644
G,Summoning Yield,Oct-Dec,0.517,0.505,-0.012,3015,3015,0.4896,0.4987
G,Juror Days / Trial,Jan-Mar,0.714,0.743,0.029,3015,3015,0.6956,0.6841
G,Juror Days / Trial,Apr-Jun,0.468,0.494,0.026,3015,3015,0.8204,0.8112
G,Juror Days / Trial,Oct-Dec,0.407,0.434,0.027,3015,3015,0.8145,0.8031
G,People Brought In / Trial,Jan-Mar,-0.082,-0.075,0.007,3015,3015,0.9546,0.9582
G,People Brought In / Trial,Apr-Jun,0.121,0.126,0.005,3015,3015,0.9474,0.9454
G,People Brought In / Trial,Oct-Dec,0.332,0.337,0.005,3015,3015,0.8374,0.8352
G,Percent to Voir Dire,Jan-Mar,2.006,2.007,0.001,3015,3015,0.0338,0.0337
G,Percent to Voir Dire,Apr-Jun,1.317,1.318,0.001,3015,3015,0.2502,0.25
G,Percent to Voir Dire,Oct-Dec,1.273,1.274,0.001,3015,3015,0.2814,0.2813
G,Average Panel Size,Jan-Mar,0.336,0.344,0.008,3015,3015,0.6173,0.609
G,Average Panel Size,Apr-Jun,-0.034,-0.037,-0.003,3015,3015,0.9549,0.9515
G,Average Panel Size,Oct-Dec,0.465,0.469,0.004,3015,3015,0.5122,0.5095
G,Number of Trials,Jan-Mar,4.004,4.035,0.031,3015,3015,0.0093,0.0089
G,Number of Trials,Apr-Jun,1.901,1.932,0.031,3015,3015,0.099,0.0944
G,Number of Trials,Oct-Dec,-2.528,-2.497,0.031,3015,3015,0.0088,0.0093
H,Summoning Yield,Jan-Mar,0.264,0.015,-0.249,1113,1138,0.8555,0.9915
H,Summoning Yield,Apr-Jun,-0.541,-0.559,-0.018,1113,1138,0.5904,0.5912
H,Summoning Yield,Oct-Dec,-0.04,0.134,0.174,1113,1138,0.97,0.8993
H,Juror Days / Trial,Jan-Mar,2.463,3.153,0.69,1113,1138,0.727,0.673
H,Juror Days / Trial,Apr-Jun,20.959,7.608,-13.351,1113,1138,0.3344,0.3904
H,Juror Days / Trial,Oct-Dec,12.508,13.78,1.272,1113,1138,0.2508,0.2719
H,People Brought In / Trial,Jan-Mar,2.946,3.69,0.744,1113,1138,0.665,0.6095
H,People Brought In / Trial,Apr-Jun,20.339,7.052,-13.287,1113,1138,0.3481,0.4189
H,People Brought In / Trial,Oct-Dec,10.653,12.099,1.446,1113,1138,0.3199,0.3306
H,Percent to Voir Dire,Jan-Mar,-0.164,-0.503,-0.339,1113,1138,0.9343,0.7801
H,Percent to Voir Dire,Apr-Jun,2.827,1.715,-1.112,1113,1138,0.0833,0.3368
H,Percent to Voir Dire,Oct-Dec,2.055,3.234,1.179,1113,1138,0.26,0.1
H,Average Panel Size,Jan-Mar,-2.068,-2.035,0.033,1113,1138,0.0883,0.0846
H,Average Panel Size,Apr-Jun,-0.098,-0.358,-0.26,1113,1138,0.8947,0.6392
H,Average Panel Size,Oct-Dec,0.847,0.929,0.082,1113,1138,0.3966,0.3281
H,Number of Trials,Jan-Mar,-1.985,-1.991,-0.006,1113,1138,0.0903,0.0889
H,Number of Trials,Apr-Jun,0.621,0.524,-0.097,1113,1138,0.4848,0.556
H,Number of Trials,Oct-Dec,-1.503,-1.342,0.161,1113,1138,0.0752,0.1079
J,Summoning Yield,Jan-Mar,2.229,1.749,-0.48,845,870,0.1067,0.2112
J,Summoning Yield,Apr-Jun,0.812,0.78,-0.032,845,870,0.3745,0.4251
J,Summoning Yield,Oct-Dec,-0.391,-0.116,0.275,845,870,0.6963,0.907
J,Juror Days / Trial,Jan-Mar,7.907,7.078,-0.829,845,870,0.4362,0.446
J,Juror Days / Trial,Apr-Jun,27.551,9.618,-17.933,845,870,0.3467,0.4098
J,Juror Days / Trial,Oct-Dec,8.234,10.804,2.57,845,870,0.5275,0.4988
J,People Brought In / Trial,Jan-Mar,7.277,6.538,-0.739,845,870,0.4582,0.4643
J,People Brought In / Trial,Apr-Jun,27.098,9.226,-17.872,845,870,0.3537,0.421
J,People Brought In / Trial,Oct-Dec,7.557,10.309,2.752,845,870,0.5617,0.5204
J,Percent to Voir Dire,Jan-Mar,0.009,-0.554,-0.563,845,870,0.9969,0.7934
J,Percent to Voir Dire,Apr-Jun,0.87,-0.671,-1.541,845,870,0.6603,0.7504
J,Percent to Voir Dire,Oct-Dec,0.502,2.211,1.709,845,870,0.8435,0.4172
J,Average Panel Size,Jan-Mar,-0.239,-0.243,-0.004,845,870,0.8804,0.8751
J,Average Panel Size,Apr-Jun,-0.12,-0.454,-0.334,845,870,0.9156,0.6977
J,Average Panel Size,Oct-Dec,-0.582,-0.403,0.179,845,870,0.5366,0.6505
J,Number of Trials,Jan-Mar,0.966,0.804,-0.162,845,870,0.5056,0.5757
J,Number of Trials,Apr-Jun,1.298,1.182,-0.116,845,870,0.246,0.2837
J,Number of Trials,Oct-Dec,-3.453,-3.14,0.313,845,870,0.0016,0.0035
