filename,quarter_ending_date,page_count,official_url,sha256,archive_url,archive_date
20150817-Quarter-Ending-December-31-2014.pdf,2014-12-31,88,https://www.flcourts.gov/content/download/218316/file/20150817-Quarter-Ending-December-31-2014.pdf,2613a313c5c17ad7a4e61c06925455f64c8fd352662a21c2fe6256982ad97131,,
20160722-Quarter-Ending-December-31-2015.pdf,2015-12-31,88,https://www.flcourts.gov/content/download/218312/file/20160722-Quarter-Ending-December-31-2015.pdf,8808dc2e8156d0b4fa150cd511c98252bfc667ba166c5fabaa440f9daffd989e,,
20170302-Quarter-Ending-December-31-2016.pdf,2016-12-31,88,https://www.flcourts.gov/content/download/218308/file/20170302-Quarter-Ending-December-31-2016.pdf,0287ab07eba3fe6e7d6f8df98bc9e595945d58e6f0095eb02d64ca7497490f5f,,
20180216-Quarter-Ending-December-31-2017.pdf,2017-12-31,88,https://www.flcourts.gov/content/download/218304/file/20180216-Quarter-Ending-December-31-2017.pdf,b6e4af33098f85e94851a5a731c068f3c2ddb066a8c2f602b75315c50c0c1604,,
20190522-quarter-ending-dec-31-2018.pdf,2018-12-31,88,https://www.flcourts.gov/content/download/525462/file/20190522-quarter-ending-dec-31-2018.pdf,789be5c0a582475fc5b41e3730d6989b3d3451ed3f18cfbdb15d15bbc27d1875,,
20200223-quarter-ending-december-31-2020.pdf,2020-12-31,88,https://www.flcourts.gov/content/download/721729/file/20200223-quarter-ending-december-31-2020.pdf,2def65e0e6827c55410543c92d270aef121b1e092c98fdcd058abb966899b3b9,,
20200601_20200327_Quarter_Ending_December_31_2019.pdf,2019-12-31,88,https://www.flcourts.gov/content/download/636761/file/20200601_20200327_Quarter_Ending_December_31_2019.pdf,7346f2149ba88eee0057f93730f101757b5f310450348d760c441faa84a8faa6,,
20210515-quarter-ending-march-31-2021.pdf,2021-03-31,88,https://www.flcourts.gov/content/download/742475/file/20210515-quarter-ending-march-31-2021.pdf,ef3ba1aa14a5e4575c39d14b5a82abe6be62ab13c4f1b7e7da278eec01a7c3d1,,
20220527-quarter-ending-march-31-2022.pdf,2022-03-31,88,https://www.flcourts.gov/content/download/839435/file/20220527-quarter-ending-march-31-2022.pdf,31eb9da4146bdb72cf00c77b86f9bce6e9f994871538669f930818dacfd63a0f,,
20221129-quarter-ending-september-30-2022.pdf,2022-09-30,88,https://www.flcourts.gov/content/download/854360/file/20221129-quarter-ending-september-30-2022.pdf,0b0835eeb93b962f7ca69a66a044d200a0b4cd34931c02a0f5eee658f14c901f,,
20250326-jury-mgmt-qe-202406-ada.pdf,2024-06-30,88,https://www.flcourts.gov/content/download/2449567/file/20250326-jury-mgmt-qe-202406-ada.pdf,36879f7a75bdfed09b28439fb0d78eec9ccab4943de3cf62624a3c5b078d28a6,https://web.archive.org/web/20260816042048/https://flcourts-media.flcourts.gov/content/download/2449567/file/20250326-jury-mgmt-qe-202406-ada.pdf,2026-08-16
20250327-qe-202409-ada-.pdf,2024-09-30,88,https://www.flcourts.gov/content/download/2449637/file/20250327-qe-202409-ada-.pdf,3737321edbc8c839ed1ea031e22efceddece2dc980616b10e9474d66f2e78413,,
20250328-jury-mgmt-qe-202412-ada.pdf,2024-12-31,88,https://www.flcourts.gov/content/download/2449676/file/20250328-jury-mgmt-qe-202412-ada.pdf,7644c364ec99728cd76824b24013f96bffc002568ad0bcd05be925608695c6f1,https://web.archive.org/web/20260816041957/https://flcourts-media.flcourts.gov/content/download/2449676/file/20250328-jury-mgmt-qe-202412-ada.pdf,2026-08-16
20250909-jury-mgmt-qe-202506-ada.pdf,2025-06-30,88,https://www.flcourts.gov/content/download/2461732/file/20250909-jury-mgmt-qe-202506-ada.pdf,53293f20bd70f48bace665a7cdacf97efd87ed801ed4ac02b91e2dfebd200499,,
20250909-qe-202503-ada-.pdf,2025-03-31,88,https://www.flcourts.gov/content/download/2461731/file/20250909-qe-202503-ada-.pdf,bed0a505157e8b09a10dcec703c13815aafc6627b684a84affaf77a787343fda,https://web.archive.org/web/20260816042128/https://flcourts-media.flcourts.gov/content/download/2461731/file/20250909-qe-202503-ada-.pdf,2026-08-16
20260319-qe-202512-ada-.pdf,2025-12-31,88,https://www.flcourts.gov/content/download/2486429/file/20260319-qe-202512-ada-.pdf,ab84cb774d2292912033074a4b4522c60b9bbec8ac231fadaf66830db661e07d,,
JuryManagement1stQtr12-13.pdf,2012-09-30,87,https://www.flcourts.gov/content/download/218325/file/JuryManagement1stQtr12-13.pdf,63d62bcd6c61c07cede6fab2ff64819426f0bcc3c147d2ef5300ae37bcccd07f,,
JuryManagement2ndQtr09-10.pdf,2009-12-31,88,https://www.flcourts.gov/content/download/218336/file/JuryManagement2ndQtr09-10.pdf,6175337e510c3c8ea67de43cc308b9ad3b2b355fc7236bb5af04130c4529e7a5,,
JuryManagement2ndQtr11-12.pdf,2011-12-31,87,https://www.flcourts.gov/content/download/218328/file/JuryManagement2ndQtr11-12.pdf,ee05cf78517a88b95b20a210954471209b55c82f360b9e1fa7f11bf0d95f85da,,
JuryManagement3rdQtr10-11.pdf,2011-03-31,87,https://www.flcourts.gov/content/download/218331/file/JuryManagement3rdQtr10-11.pdf,4c68ef44308c10548d3684a94acfc94610db5ccbc538e1167fda781e293babf1,,
JuryManagement4thQtr12-13.pdf,2013-06-30,88,https://www.flcourts.gov/content/download/218322/file/JuryManagement4thQtr12-13.pdf,274222e2a952cfe55db86bb56b34e07ef4e07924308340a6b3a5a913250d7e79,,
JuryManagement4thQuarter09-10.pdf,2010-06-30,88,https://www.flcourts.gov/content/download/218334/file/JuryManagement4thQuarter09-10.pdf,a1131feb6905698743ec41737ca23bb3e947d86299d297ce333c18d1622a6120,,
JuryManagementDashboard.pdf,2009-09-30,88,https://flcourts-media.flcourts.gov/content/download/218337/file/JuryManagementDashboard.pdf,705f3a56f18e1b559cee307503bb523098e0c43dfcde2a23b74e9e6ad3893476,,
JuryManagementQtrEnding6-30-14.pdf,2014-06-30,88,https://www.flcourts.gov/content/download/218318/file/JuryManagementQtrEnding6-30-14.pdf,f8f4de0d56fa5cd997e67a26fd8858783a94d5c7489d2c2b2fbf19311fd1c282,,
